,Name,RA,Dec,DM,Period,Pdot,Pepoch,Frequency,Fdot,Bsurf,Edot,Tau,l,b,BurstRate,Flux,Width,Name_ref,RA_ref,Dec_ref,DM_ref,Period_ref,Pdot_ref,Pepoch_ref,Frequency_ref,Fdot_ref,Bsurf_ref,Edot_ref,Tau_ref,l_ref,b_ref,BurstRate_ref,Flux_ref,Width_ref
0,J0012+5431,00:12:23.3(1),+54:31:40(9),131.3(7),3.0253007099(2),--,59128.0,0.33054565344(2),--,--,--,--,117.23,-7.91,2.7,--,--,https://doi.org/10.1093/mnras/stad2012,https://doi.org/10.1093/mnras/stad2012,https://doi.org/10.1093/mnras/stad2012,https://doi.org/10.1093/mnras/stad2012,https://doi.org/10.1093/mnras/stad2012,--,https://doi.org/10.1093/mnras/stad2012,https://doi.org/10.1093/mnras/stad2012,--,--,--,--,https://doi.org/10.1093/mnras/stad2012,https://doi.org/10.1093/mnras/stad2012,https://doi.org/10.1093/mnras/stad2012,--,--
1,J0054+66,00:54,+66:00,14.554(7),1.3903,--,--,0.7193,--,--,--,--,123.19,3.13,0.7,--,--,https://doi.org/10.1063/1.2900310,https://doi.org/10.1063/1.2900310,https://doi.org/10.1063/1.2900310,https://doi.org/10.3847/0004-637X/831/2/140,https://doi.org/10.1063/1.2900310,--,--,https://doi.org/10.1063/1.2900310,--,--,--,--,https://doi.org/10.1063/1.2900310,https://doi.org/10.1063/1.2900310,https://doi.org/10.3847/0004-637X/831/2/140,--,--
2,J0054+69,00:54:28(25),+69:26(2),90.3(2),--,--,--,--,--,--,--,--,123.20,6.56,300.0,--,--,https://doi.org/10.1088/0004-637X/809/1/67,https://doi.org/10.1088/0004-637X/809/1/67,https://doi.org/10.1088/0004-637X/809/1/67,https://doi.org/10.1088/0004-637X/809/1/67,--,--,--,--,--,--,--,--,https://doi.org/10.1088/0004-637X/809/1/67,https://doi.org/10.1088/0004-637X/809/1/67,https://doi.org/10.1088/0004-637X/809/1/67,--,--
3,J0103+54,01:03:37(20),+54:02(5),55.605(4),0.354304(6),--,--,2.82243(5),--,--,--,--,124.74,-8.80,390.0,--,--,https://doi.org/10.1088/0004-637X/809/1/67,https://doi.org/10.1088/0004-637X/809/1/67,https://doi.org/10.1088/0004-637X/809/1/67,https://doi.org/10.1088/0004-637X/809/1/67,https://doi.org/10.1088/0004-637X/809/1/67,--,--,https://doi.org/10.1088/0004-637X/809/1/67,--,--,--,--,https://doi.org/10.1088/0004-637X/809/1/67,https://doi.org/10.1088/0004-637X/809/1/67,https://doi.org/10.1088/0004-637X/809/1/67,--,--
4,J0121+53,01:21(11),+53:29(16),91.38(3),2.7247846(4),--,--,0.36700149(5),--,--,--,--,127.38,-9.13,2.4,--,--,https://doi.org/10.3847/1538-4357/ac1da6,https://doi.org/10.3847/1538-4357/ac1da6,https://doi.org/10.3847/1538-4357/ac1da6,https://doi.org/10.3847/1538-4357/ac1da6,https://doi.org/10.3847/1538-4357/ac1da6,--,--,https://doi.org/10.3847/1538-4357/ac1da6,--,--,--,--,https://doi.org/10.3847/1538-4357/ac1da6,https://doi.org/10.3847/1538-4357/ac1da6,https://doi.org/10.3847/1538-4357/ac1da6,--,--
5,J0139+3336,01:39:57.23(4),+33:36:59.7(9),21.23(1),1.2479609557(1),2.064(8),57901,0.80130712057(6),-1.325(5),1.6,4.2,9.6,134.38,-28.17,--,--,--,https://doi.org/10.1134/S1063772918010079,https://doi.org/10.1093/mnras/stz2997,https://doi.org/10.1093/mnras/stz2997,https://doi.org/10.1093/mnras/stz2997,https://doi.org/10.1093/mnras/stz2997,https://doi.org/10.1093/mnras/stz2997,https://doi.org/10.1093/mnras/stz2997,https://doi.org/10.1093/mnras/stz2997,https://doi.org/10.1093/mnras/stz2997,https://doi.org/10.1093/mnras/stz2997,https://doi.org/10.1093/mnras/stz2997,https://doi.org/10.1093/mnras/stz2997,https://doi.org/10.1093/mnras/stz2997,https://doi.org/10.1093/mnras/stz2997,--,--,--
6,J0156+04,01:56:01(01:54),+04:02(8),27.5,--,--,--,--,--,--,--,--,151.97,-55.15,2,--,--,https://doi.org/10.3847/0004-637X/821/1/10,https://doi.org/10.3847/0004-637X/821/1/10,https://doi.org/10.3847/0004-637X/821/1/10,https://doi.org/10.3847/0004-637X/821/1/10,--,--,--,--,--,--,--,--,https://doi.org/10.3847/0004-637X/821/1/10,https://doi.org/10.3847/0004-637X/821/1/10,https://doi.org/10.3847/0004-637X/821/1/10,--,--
7,J0201+7005,02:01:41.344(7),+70:05:18.11(6),21.029(2),1.349184471847(9),5.514(1),56777,0.741188488948(5),-3.0292(5),2.8,8.9,3.9,128.89,8.03,180,--,--,https://doi.org/10.1088/0004-637X/809/1/67,https://doi.org/10.1088/0004-637X/809/1/67,https://doi.org/10.1088/0004-637X/809/1/67,https://doi.org/10.1088/0004-637X/809/1/67,https://doi.org/10.1088/0004-637X/809/1/67,https://doi.org/10.1088/0004-637X/809/1/67,https://doi.org/10.1088/0004-637X/809/1/67,https://doi.org/10.1088/0004-637X/809/1/67,https://doi.org/10.1088/0004-637X/809/1/67,https://doi.org/10.1088/0004-637X/809/1/67,https://doi.org/10.1088/0004-637X/809/1/67,https://doi.org/10.1088/0004-637X/809/1/67,https://doi.org/10.1088/0004-637X/809/1/67,https://doi.org/10.1088/0004-637X/809/1/67,https://doi.org/10.1088/0004-637X/809/1/67,--,--
8,J0302+2252,03:02:31.990(4),+22:52:12.1(2),18.9922(6),1.207164839778(2),0.0825(1),57811,0.828387281545(1),-0.05661(7),0.3,0.2,232.0,158.44,-30.82,--,--,--,https://doi.org/10.1093/mnras/stz2997,https://doi.org/10.1093/mnras/stz2997,https://doi.org/10.1093/mnras/stz2997,https://doi.org/10.1093/mnras/stz2997,https://doi.org/10.1093/mnras/stz2997,https://doi.org/10.1093/mnras/stz2997,https://doi.org/10.1093/mnras/stz2997,https://doi.org/10.1093/mnras/stz2997,https://doi.org/10.1093/mnras/stz2997,https://doi.org/10.1093/mnras/stz2997,https://doi.org/10.1093/mnras/stz2997,https://doi.org/10.1093/mnras/stz2997,https://doi.org/10.1093/mnras/stz2997,https://doi.org/10.1093/mnras/stz2997,--,--,--
9,J0317+13,03:17:54(12),+13:29(3),12.9(4),1.9743,--,--,0.5065,--,--,--,--,168.76,-36.04,--,--,--,https://doi.org/10.1134/S1063772918010079,https://doi.org/10.1051/0004-6361/201935609,https://doi.org/10.1051/0004-6361/201935609,https://doi.org/10.1051/0004-6361/201935609,https://doi.org/10.1051/0004-6361/201935609,--,--,https://doi.org/10.1051/0004-6361/201935609,--,--,--,--,https://doi.org/10.1051/0004-6361/201935609,https://doi.org/10.1051/0004-6361/201935609,--,--,--
10,J0332+79,03:32:45(20),+79:10(5),16.67(2),2.05621(6),--,--,0.48633(1),--,--,--,--,130.31,18.68,30,--,--,https://doi.org/10.1088/0004-637X/809/1/67,https://doi.org/10.1088/0004-637X/809/1/67,https://doi.org/10.1088/0004-637X/809/1/67,https://doi.org/10.1088/0004-637X/809/1/67,https://doi.org/10.1088/0004-637X/809/1/67,--,--,https://doi.org/10.1088/0004-637X/809/1/67,--,--,--,--,https://doi.org/10.1088/0004-637X/809/1/67,https://doi.org/10.1088/0004-637X/809/1/67,https://doi.org/10.1088/0004-637X/809/1/67,--,--
11,J0410-31,04:10:39.0(3.3),-31:07(7),9.2(3),1.8785(2),--,--,0.53234(6),--,--,--,--,230.59,-46.67,107,--,--,https://doi.org/10.1111/j.1365-2966.2011.18521.x,https://doi.org/10.1111/j.1365-2966.2011.18521.x,https://doi.org/10.1111/j.1365-2966.2011.18521.x,https://doi.org/10.1111/j.1365-2966.2011.18521.x,https://doi.org/10.1111/j.1365-2966.2011.18521.x,--,--,https://doi.org/10.1111/j.1365-2966.2011.18521.x,--,--,--,--,https://doi.org/10.1111/j.1365-2966.2011.18521.x,https://doi.org/10.1111/j.1365-2966.2011.18521.x,https://doi.org/10.1111/j.1365-2966.2011.18521.x,--,--
12,J0441-04,04:41,-04:18,20.0,--,--,--,--,--,--,--,--,200.95,-30.83,--,--,--,https://doi.org/10.1088/0004-637X/809/1/67,https://doi.org/10.1088/0004-637X/809/1/67,https://doi.org/10.1088/0004-637X/809/1/67,https://doi.org/10.1088/0004-637X/809/1/67,--,--,--,--,--,--,--,--,https://doi.org/10.1088/0004-637X/809/1/67,https://doi.org/10.1088/0004-637X/809/1/67,--,--,--
13,J0447-04,04:47(1),-04:35(18),29.83(4),2.18819(2),--,--,0.456999(4),--,--,--,--,202.07,-29.66,103,--,--,https://doi.org/10.1088/0004-637X/809/1/67,https://doi.org/10.1088/0004-637X/809/1/67,https://doi.org/10.1088/0004-637X/809/1/67,https://doi.org/10.1088/0004-637X/809/1/67,https://doi.org/10.1088/0004-637X/809/1/67,--,--,https://doi.org/10.1088/0004-637X/809/1/67,--,--,--,--,https://doi.org/10.1088/0004-637X/809/1/67,https://doi.org/10.1088/0004-637X/809/1/67,https://doi.org/10.1088/0004-637X/809/1/67,--,--
14,J0513-04,05:13,-04:18,18.5,--,--,--,--,--,--,--,--,205.23,-23.81,--,--,--,https://doi.org/10.1088/0004-637X/809/1/67,https://doi.org/10.1088/0004-637X/809/1/67,https://doi.org/10.1088/0004-637X/809/1/67,https://doi.org/10.1088/0004-637X/809/1/67,--,--,--,--,--,--,--,--,https://doi.org/10.1088/0004-637X/809/1/67,https://doi.org/10.1088/0004-637X/809/1/67,--,--,--
15,J0544+20,05:44:12(02:00),+20:50(8),56.9,--,--,--,--,--,--,--,--,186.76,-4.50,4,--,--,https://doi.org/10.3847/0004-637X/821/1/10,https://doi.org/10.3847/0004-637X/821/1/10,https://doi.org/10.3847/0004-637X/821/1/10,https://doi.org/10.3847/0004-637X/821/1/10,--,--,--,--,--,--,--,--,https://doi.org/10.3847/0004-637X/821/1/10,https://doi.org/10.3847/0004-637X/821/1/10,https://doi.org/10.3847/0004-637X/821/1/10,--,--
16,J0545-03,05:45(2),-03:10(36),67.2(4),1.07393(2),--,--,0.93116(2),--,--,--,--,208.09,-16.21,77,--,--,https://doi.org/10.1088/0004-637X/809/1/67,https://doi.org/10.1088/0004-637X/809/1/67,https://doi.org/10.1088/0004-637X/809/1/67,https://doi.org/10.1088/0004-637X/809/1/67,https://doi.org/10.1088/0004-637X/809/1/67,--,--,https://doi.org/10.1088/0004-637X/809/1/67,--,--,--,--,https://doi.org/10.1088/0004-637X/809/1/67,https://doi.org/10.1088/0004-637X/809/1/67,https://doi.org/10.1088/0004-637X/809/1/67,--,--
17,J0550+09,05:50:28(01:54),+09:51(8),86.6,1.745,--,--,0.573,--,--,--,--,197.06,-8.77,47,--,--,https://doi.org/10.3847/0004-637X/821/1/10,https://doi.org/10.3847/0004-637X/821/1/10,https://doi.org/10.3847/0004-637X/821/1/10,https://doi.org/10.3847/0004-637X/821/1/10,https://doi.org/10.3847/0004-637X/821/1/10,--,--,https://doi.org/10.3847/0004-637X/821/1/10,--,--,--,--,https://doi.org/10.3847/0004-637X/821/1/10,https://doi.org/10.3847/0004-637X/821/1/10,https://doi.org/10.3847/0004-637X/821/1/10,--,--
18,J0614-03,06:15,-03:29,17.9,0.136,--,--,7.353,--,--,--,--,211.89,-9.69,--,--,--,https://doi.org/10.1088/0004-637X/809/1/67,https://doi.org/10.1088/0004-637X/809/1/67,https://doi.org/10.1088/0004-637X/809/1/67,https://doi.org/10.1088/0004-637X/809/1/67,https://doi.org/10.1088/0004-637X/809/1/67,--,--,https://doi.org/10.1088/0004-637X/809/1/67,--,--,--,--,https://doi.org/10.1088/0004-637X/809/1/67,https://doi.org/10.1088/0004-637X/809/1/67,--,--,--
19,J0621-55,06:20:42(30),-56:05(7),22,--,--,--,--,--,--,--,--,264.80,-26.41,--,--,--,https://doi.org/10.1093/mnras/stx2126,https://doi.org/10.1093/mnras/stx2126,https://doi.org/10.1093/mnras/stx2126,https://doi.org/10.1093/mnras/stx2126,--,--,--,--,--,--,--,--,https://doi.org/10.1093/mnras/stx2126,https://doi.org/10.1093/mnras/stx2126,--,--,--
20,J0627+16,06:27:13(7),+16:12(2),113,2.18,--,--,0.46,--,--,--,--,195.79,2.12,23,150,0.3,https://doi.org/10.1088/0004-637X/703/2/2259,https://doi.org/10.1088/0004-637X/703/2/2259,https://doi.org/10.1088/0004-637X/703/2/2259,https://doi.org/10.1088/0004-637X/703/2/2259,https://doi.org/10.1088/0004-637X/703/2/2259,--,--,https://doi.org/10.1088/0004-637X/703/2/2259,--,--,--,--,https://doi.org/10.1088/0004-637X/703/2/2259,https://doi.org/10.1088/0004-637X/703/2/2259,https://doi.org/10.1088/0004-637X/703/2/2259,https://doi.org/10.1088/0004-637X/703/2/2259,https://doi.org/10.1088/0004-637X/703/2/2259
21,J0628+0909,06:28:36.183(5),+09:09:13.9(3),88.3(2),1.241421391299(3),0.5479(2),54990,0.805528249319(2),-0.3555(1),0.8,1.1,35.9,202.19,-0.85,141,85,10,https://doi.org/10.1086/498335,https://doi.org/10.1088/0004-637X/772/1/50,https://doi.org/10.1088/0004-637X/772/1/50,https://doi.org/10.1088/0004-637X/772/1/50,https://doi.org/10.1088/0004-637X/772/1/50,https://doi.org/10.1088/0004-637X/772/1/50,https://doi.org/10.1088/0004-637X/772/1/50,https://doi.org/10.1088/0004-637X/772/1/50,https://doi.org/10.1088/0004-637X/772/1/50,https://doi.org/10.1088/0004-637X/772/1/50,https://doi.org/10.1088/0004-637X/772/1/50,https://doi.org/10.1088/0004-637X/772/1/50,https://doi.org/10.1088/0004-637X/772/1/50,https://doi.org/10.1088/0004-637X/772/1/50,https://doi.org/10.1088/0004-637X/703/2/2259,https://doi.org/10.1088/0004-637X/703/2/2259,https://doi.org/10.1088/0004-637X/703/2/2259
22,J0640+07,06:40:40(35),+07:44(25),52(3),--,--,--,--,--,--,--,--,204.83,1.14,--,--,--,https://doi.org/10.1134/S1063772918010079,https://doi.org/10.1051/0004-6361/201833102,https://doi.org/10.1051/0004-6361/201833102,https://doi.org/10.1051/0004-6361/201833102,--,--,--,--,--,--,--,--,https://doi.org/10.1051/0004-6361/201833102,https://doi.org/10.1051/0004-6361/201833102,--,--,--
23,J0653-06,06:53(1),-6:16,83.7,0.79,--,--,1.27,--,--,--,--,218.69,-2.51,1.4,--,--,https://doi.org/10.1093/mnras/stad2012,https://doi.org/10.1093/mnras/stad2012,https://doi.org/10.1093/mnras/stad2012,https://doi.org/10.1093/mnras/stad2012,https://doi.org/10.1093/mnras/stad2012,--,--,https://doi.org/10.1093/mnras/stad2012,--,--,--,--,https://doi.org/10.1093/mnras/stad2012,https://doi.org/10.1093/mnras/stad2012,https://doi.org/10.1093/mnras/stad2012,--,--
24,J0736-6304,07:36:20.01(27),-63:04:16(2),19.4,4.8628739612(7),151.9(2),56212,0.20563971182(3),-6.42(1),27.5,5.2,0.5,274.88,-19.15,39.65,160,30,https://doi.org/10.1111/j.1365-2966.2009.15965.x,https://doi.org/10.3847/1538-4357/aa88c3,https://doi.org/10.3847/1538-4357/aa88c3,https://doi.org/10.3847/1538-4357/aa6aa9,https://doi.org/10.3847/1538-4357/aa88c3,https://doi.org/10.3847/1538-4357/aa88c3,https://doi.org/10.3847/1538-4357/aa88c3,https://doi.org/10.3847/1538-4357/aa88c3,https://doi.org/10.3847/1538-4357/aa88c3,https://doi.org/10.3847/1538-4357/aa88c3,https://doi.org/10.3847/1538-4357/aa88c3,https://doi.org/10.3847/1538-4357/aa88c3,https://doi.org/10.3847/1538-4357/aa88c3,https://doi.org/10.3847/1538-4357/aa88c3,https://doi.org/10.3847/1538-4357/aa6aa9,https://doi.org/10.1111/j.1365-2966.2009.15965.x,https://doi.org/10.3847/1538-4357/aa88c3
25,J0741+17,07:41(1),17:03(23),44.3,1.73,--,--,0.58,--,--,--,--,202.77,18.44,3.7,--,--,https://doi.org/10.1093/mnras/stad2012,https://doi.org/10.1093/mnras/stad2012,https://doi.org/10.1093/mnras/stad2012,https://doi.org/10.1093/mnras/stad2012,https://doi.org/10.1093/mnras/stad2012,--,--,https://doi.org/10.1093/mnras/stad2012,--,--,--,--,https://doi.org/10.1093/mnras/stad2012,https://doi.org/10.1093/mnras/stad2012,https://doi.org/10.1093/mnras/stad2012,--,--
26,J0837-24,08:37:44(31),-24:47(7),142.8(5),--,--,--,--,--,--,--,--,247.45,9.80,5,420,1,https://doi.org/10.1111/j.1365-2966.2011.18521.x,https://doi.org/10.1111/j.1365-2966.2011.18521.x,https://doi.org/10.1111/j.1365-2966.2011.18521.x,https://doi.org/10.1111/j.1365-2966.2011.18521.x,--,--,--,--,--,--,--,--,https://doi.org/10.1111/j.1365-2966.2011.18521.x,https://doi.org/10.1111/j.1365-2966.2011.18521.x,https://doi.org/10.1111/j.1365-2966.2011.18521.x,https://doi.org/10.1111/j.1365-2966.2011.18521.x,https://doi.org/10.1111/j.1365-2966.2011.18521.x
27,J0845-36,08:45(7),-36,29(2),--,--,--,--,--,--,--,--,257.40,4.26,1.8,230,2,https://doi.org/10.1111/j.1365-2966.2011.18917.x,https://doi.org/10.1111/j.1365-2966.2011.18917.x,https://doi.org/10.1111/j.1365-2966.2011.18917.x,https://doi.org/10.1111/j.1365-2966.2011.18917.x,--,--,--,--,--,--,--,--,https://doi.org/10.1111/j.1365-2966.2011.18917.x,https://doi.org/10.1111/j.1365-2966.2011.18917.x,https://doi.org/10.1111/j.1365-2966.2011.18917.x,https://doi.org/10.1111/j.1365-2966.2011.18917.x,https://doi.org/10.1111/j.1365-2966.2011.18917.x
28,J0847-4316,08:47:57.33(5),-43:16:56.8(7),292.5(9),5.977492737(7),119.94(2),53816,0.16729422251(2),-3.3568(6),27.1,2.2,0.8,263.44,0.16,1.42,120,27,https://doi.org/10.1038/nature04440,https://doi.org/10.1111/j.1365-2966.2009.15584.x,https://doi.org/10.1111/j.1365-2966.2009.15584.x,https://doi.org/10.1111/j.1365-2966.2009.15584.x,https://doi.org/10.1111/j.1365-2966.2009.15584.x,https://doi.org/10.1111/j.1365-2966.2009.15584.x,https://doi.org/10.1111/j.1365-2966.2009.15584.x,https://doi.org/10.1111/j.1365-2966.2009.15584.x,https://doi.org/10.1111/j.1365-2966.2009.15584.x,https://doi.org/10.1111/j.1365-2966.2009.15584.x,https://doi.org/10.1111/j.1365-2966.2009.15584.x,https://doi.org/10.1111/j.1365-2966.2009.15584.x,https://doi.org/10.1111/j.1365-2966.2009.15584.x,https://doi.org/10.1111/j.1365-2966.2009.15584.x,https://doi.org/10.1038/nature04440,https://doi.org/10.1111/j.1365-2966.2009.15584.x,https://doi.org/10.1111/j.1365-2966.2009.15584.x
29,J0912-3851,09:12:42.70(2),-38:51:03(1),71.5(7),1.526085076(3),3.59(5),55093,0.655271463(1),-1.54(2),2.4,4.0,6.7,263.16,6.58,32,--,35.609,https://doi.org/10.1111/j.1365-2966.2011.18521.x,https://doi.org/10.1111/j.1365-2966.2012.22042.x,https://doi.org/10.1111/j.1365-2966.2012.22042.x,https://doi.org/10.1093/mnras/stu1930,https://doi.org/10.1111/j.1365-2966.2012.22042.x,https://doi.org/10.1111/j.1365-2966.2012.22042.x,https://doi.org/10.1111/j.1365-2966.2012.22042.x,https://doi.org/10.1111/j.1365-2966.2012.22042.x,https://doi.org/10.1111/j.1365-2966.2012.22042.x,https://doi.org/10.1111/j.1365-2966.2012.22042.x,https://doi.org/10.1111/j.1365-2966.2012.22042.x,https://doi.org/10.1111/j.1365-2966.2012.22042.x,https://doi.org/10.1111/j.1365-2966.2012.22042.x,https://doi.org/10.1111/j.1365-2966.2012.22042.x,https://doi.org/10.1111/j.1365-2966.2011.18521.x,--,https://doi.org/10.1093/mnras/stx3095
30,J0923-31,09:23:58(50),-31:57(15),72(20),--,--,--,--,--,--,--,--,259.70,13.00,1.7,120,30,https://doi.org/10.1111/j.1365-2966.2009.15965.x,https://doi.org/10.1111/j.1365-2966.2009.15965.x,https://doi.org/10.1111/j.1365-2966.2009.15965.x,https://doi.org/10.1111/j.1365-2966.2009.15965.x,--,--,--,--,--,--,--,--,https://doi.org/10.1111/j.1365-2966.2009.15965.x,https://doi.org/10.1111/j.1365-2966.2009.15965.x,https://doi.org/10.1111/j.1365-2966.2009.15965.x,https://doi.org/10.1111/j.1365-2966.2009.15965.x,https://doi.org/10.1111/j.1365-2966.2009.15965.x
31,J0941-39,09:41:38(46),-39:41(15),78.2(2.7),0.58677841838(3),--,--,1.70422082455(9),--,--,--,--,267.80,9.90,--,580,105.6,https://doi.org/10.1111/j.1365-2966.2009.15965.x,https://doi.org/10.1111/j.1365-2966.2009.15965.x,https://doi.org/10.1111/j.1365-2966.2009.15965.x,https://doi.org/10.1111/j.1365-2966.2009.15965.x,https://doi.org/10.1111/j.1365-2966.2009.15965.x,--,--,https://doi.org/10.1111/j.1365-2966.2009.15965.x,--,--,--,--,https://doi.org/10.1111/j.1365-2966.2009.15965.x,https://doi.org/10.1111/j.1365-2966.2009.15965.x,--,https://doi.org/10.1111/j.1365-2966.2009.15965.x,https://doi.org/10.1111/j.1365-2966.2009.15965.x
32,J0957-06,09:57(2),-06:17(36),26.95(2),1.7237(8),--,--,0.58015(3),--,--,--,--,244.76,36.20,180,--,--,https://doi.org/10.1088/0004-637X/809/1/67,https://doi.org/10.1088/0004-637X/809/1/67,https://doi.org/10.1088/0004-637X/809/1/67,https://doi.org/10.1088/0004-637X/809/1/67,https://doi.org/10.1088/0004-637X/809/1/67,--,--,https://doi.org/10.1088/0004-637X/809/1/67,--,--,--,--,https://doi.org/10.1088/0004-637X/809/1/67,https://doi.org/10.1088/0004-637X/809/1/67,https://doi.org/10.1088/0004-637X/809/1/67,--,--
33,J1005+30,10:05:30(40),+30:15(15),17.5(1.5),--,--,--,--,--,--,--,--,197.94,53.67,--,--,--,https://doi.org/10.1134/S1063772918010079,https://doi.org/10.1051/0004-6361/201833102,https://doi.org/10.1051/0004-6361/201833102,https://doi.org/10.1051/0004-6361/201833102,--,--,--,--,--,--,--,--,https://doi.org/10.1051/0004-6361/201833102,https://doi.org/10.1051/0004-6361/201833102,--,--,--
34,J1010+15,10:10:00(31),+15:51(8),42,--,--,--,--,--,--,--,--,221.26,50.98,--,--,--,https://doi.org/10.1088/0004-637X/775/1/51,https://doi.org/10.1088/0004-637X/775/1/51,https://doi.org/10.1088/0004-637X/775/1/51,https://doi.org/10.1088/0004-637X/775/1/51,--,--,--,--,--,--,--,--,https://doi.org/10.1088/0004-637X/775/1/51,https://doi.org/10.1088/0004-637X/775/1/51,--,--,--
35,J1014-48,10:14:18(42),-48:49(7),87(7),1.5088(2),--,--,0.66278(9),--,--,--,--,278.14,6.33,16,140,21,https://doi.org/10.1111/j.1365-2966.2011.18521.x,https://doi.org/10.1111/j.1365-2966.2011.18521.x,https://doi.org/10.1111/j.1365-2966.2011.18521.x,https://doi.org/10.1111/j.1365-2966.2011.18521.x,https://doi.org/10.1111/j.1365-2966.2011.18521.x,--,--,https://doi.org/10.1111/j.1365-2966.2011.18521.x,--,--,--,--,https://doi.org/10.1111/j.1365-2966.2011.18521.x,https://doi.org/10.1111/j.1365-2966.2011.18521.x,https://doi.org/10.1111/j.1365-2966.2011.18521.x,https://doi.org/10.1111/j.1365-2966.2011.18521.x,https://doi.org/10.1111/j.1365-2966.2011.18521.x
36,J1048-5838,10:48:12.561(14),-58:38:19.02(10),70.7(9),1.23130477663(4),12.19375(7),53510,0.812146609824(3),-8.04278(5),3.9,25.8,1.6,287.47,0.48,6.0,630,7,https://doi.org/10.1111/j.1365-2966.2009.15693.x,https://doi.org/10.3847/1538-4357/aa88c3,https://doi.org/10.3847/1538-4357/aa88c3,https://doi.org/10.3847/1538-4357/aa88c3,https://doi.org/10.3847/1538-4357/aa88c3,https://doi.org/10.3847/1538-4357/aa88c3,https://doi.org/10.3847/1538-4357/aa88c3,https://doi.org/10.3847/1538-4357/aa88c3,https://doi.org/10.3847/1538-4357/aa88c3,https://doi.org/10.3847/1538-4357/aa88c3,https://doi.org/10.3847/1538-4357/aa88c3,https://doi.org/10.3847/1538-4357/aa88c3,https://doi.org/10.3847/1538-4357/aa88c3,https://doi.org/10.3847/1538-4357/aa88c3,https://doi.org/10.1111/j.1365-2966.2009.15693.x,https://doi.org/10.1111/j.1365-2966.2011.18917.x,https://doi.org/10.3847/1538-4357/aa88c3
37,J1059-01,10:59,-01:02,18.7,--,--,--,--,--,--,--,--,254.53,50.96,--,--,--,https://doi.org/10.1088/0004-637X/809/1/67,https://doi.org/10.1088/0004-637X/809/1/67,https://doi.org/10.1088/0004-637X/809/1/67,https://doi.org/10.1088/0004-637X/809/1/67,--,--,--,--,--,--,--,--,https://doi.org/10.1088/0004-637X/809/1/67,https://doi.org/10.1088/0004-637X/809/1/67,--,--,--
38,J1105+02,11:05:32.0(2),02:28:50(30),16.5(4),6.403055372(4),--,59216,0.156175441551(10),--,--,--,--,252.59,54.65,2.5,--,--,https://doi.org/10.1093/mnras/stad2012,https://doi.org/10.1093/mnras/stad2012,https://doi.org/10.1093/mnras/stad2012,https://doi.org/10.1093/mnras/stad2012,https://doi.org/10.1093/mnras/stad2012,--,https://doi.org/10.1093/mnras/stad2012,https://doi.org/10.1093/mnras/stad2012,--,--,--,--,https://doi.org/10.1093/mnras/stad2012,https://doi.org/10.1093/mnras/stad2012,https://doi.org/10.1093/mnras/stad2012,--,--
39,J1111-55,11:11(7),-55,235(5),--,--,--,--,--,--,--,--,288.79,5.09,0.4,80,16,https://doi.org/10.1111/j.1365-2966.2011.18917.x,https://doi.org/10.1111/j.1365-2966.2011.18917.x,https://doi.org/10.1111/j.1365-2966.2011.18917.x,https://doi.org/10.1111/j.1365-2966.2011.18917.x,--,--,--,--,--,--,--,--,https://doi.org/10.1111/j.1365-2966.2011.18917.x,https://doi.org/10.1111/j.1365-2966.2011.18917.x,https://doi.org/10.1111/j.1365-2966.2011.18917.x,https://doi.org/10.1111/j.1365-2966.2011.18917.x,https://doi.org/10.1111/j.1365-2966.2011.18917.x
40,J1126-27,11:26(2),-27:37(36),26.86(7),0.358161(8),--,--,2.79204(6),--,--,--,--,280.68,31.54,180,--,--,https://doi.org/10.1088/0004-637X/809/1/67,https://doi.org/10.1088/0004-637X/809/1/67,https://doi.org/10.1088/0004-637X/809/1/67,https://doi.org/10.1088/0004-637X/809/1/67,https://doi.org/10.1088/0004-637X/809/1/67,--,--,https://doi.org/10.1088/0004-637X/809/1/67,--,--,--,--,https://doi.org/10.1088/0004-637X/809/1/67,https://doi.org/10.1088/0004-637X/809/1/67,https://doi.org/10.1088/0004-637X/809/1/67,--,--
41,J1129-53,11:29:21(36),-53:31(15),77.0(2.5),1.06288(5),--,--,0.94084(4),--,--,--,--,290.80,7.41,36.2,320,19.1,https://doi.org/10.1111/j.1365-2966.2009.15965.x,https://doi.org/10.1111/j.1365-2966.2009.15965.x,https://doi.org/10.1111/j.1365-2966.2009.15965.x,https://doi.org/10.1111/j.1365-2966.2009.15965.x,https://doi.org/10.1111/j.1365-2966.2009.15965.x,--,--,https://doi.org/10.1111/j.1365-2966.2009.15965.x,--,--,--,--,https://doi.org/10.1111/j.1365-2966.2009.15965.x,https://doi.org/10.1111/j.1365-2966.2009.15965.x,https://doi.org/10.1111/j.1365-2966.2009.15965.x,https://doi.org/10.1111/j.1365-2966.2009.15965.x,https://doi.org/10.1111/j.1365-2966.2009.15965.x
42,J1130+0921,11:30:55.0(5),+09:21:09(14),21.0(9),4.796636974(6),2.9(5),59180,0.2084794003(3),-0.13(2),3.8,0.1,26.2,252.22,63.98,2.9,--,--,https://doi.org/10.1093/mnras/stad2012,https://doi.org/10.1093/mnras/stad2012,https://doi.org/10.1093/mnras/stad2012,https://doi.org/10.1093/mnras/stad2012,https://doi.org/10.1093/mnras/stad2012,https://doi.org/10.1093/mnras/stad2012,https://doi.org/10.1093/mnras/stad2012,https://doi.org/10.1093/mnras/stad2012,https://doi.org/10.1093/mnras/stad2012,https://doi.org/10.1093/mnras/stad2012,https://doi.org/10.1093/mnras/stad2012,https://doi.org/10.1093/mnras/stad2012,https://doi.org/10.1093/mnras/stad2012,https://doi.org/10.1093/mnras/stad2012,https://doi.org/10.1093/mnras/stad2012,--,--
43,J1135-49,11:35:56(42),-49:25(7),114(20),--,--,--,--,--,--,--,--,290.53,11.62,1.3,120,9,https://doi.org/10.1111/j.1365-2966.2011.18521.x,https://doi.org/10.1111/j.1365-2966.2011.18521.x,https://doi.org/10.1111/j.1365-2966.2011.18521.x,https://doi.org/10.1111/j.1365-2966.2011.18521.x,--,--,--,--,--,--,--,--,https://doi.org/10.1111/j.1365-2966.2011.18521.x,https://doi.org/10.1111/j.1365-2966.2011.18521.x,https://doi.org/10.1111/j.1365-2966.2011.18521.x,https://doi.org/10.1111/j.1365-2966.2011.18521.x,https://doi.org/10.1111/j.1365-2966.2011.18521.x
44,J1153-21,11:53(2),-21:18(36),34.8(1),2.34348(5),--,--,0.426716(9),--,--,--,--,285.19,39.55,150,--,--,https://doi.org/10.1088/0004-637X/809/1/67,https://doi.org/10.1088/0004-637X/809/1/67,https://doi.org/10.1088/0004-637X/809/1/67,https://doi.org/10.1088/0004-637X/809/1/67,https://doi.org/10.1088/0004-637X/809/1/67,--,--,https://doi.org/10.1088/0004-637X/809/1/67,--,--,--,--,https://doi.org/10.1088/0004-637X/809/1/67,https://doi.org/10.1088/0004-637X/809/1/67,https://doi.org/10.1088/0004-637X/809/1/67,--,--
45,J1216-50,12:16:20(44),-50:27(7),110(20),6.355(9),--,--,0.1574(2),--,--,--,--,297.23,12.03,13,130,9,https://doi.org/10.1111/j.1365-2966.2011.18521.x,https://doi.org/10.1111/j.1365-2966.2011.18521.x,https://doi.org/10.1111/j.1365-2966.2011.18521.x,https://doi.org/10.1111/j.1365-2966.2011.18521.x,https://doi.org/10.1111/j.1365-2966.2011.18521.x,--,--,https://doi.org/10.1111/j.1365-2966.2011.18521.x,--,--,--,--,https://doi.org/10.1111/j.1365-2966.2011.18521.x,https://doi.org/10.1111/j.1365-2966.2011.18521.x,https://doi.org/10.1111/j.1365-2966.2011.18521.x,https://doi.org/10.1111/j.1365-2966.2011.18521.x,https://doi.org/10.1111/j.1365-2966.2011.18521.x
46,J1226-3223,12:26:46.628(40),-32:23:01(1),36.7,6.1930040852(5),7.05(1),56114,0.16147252387(1),-0.1838(3),6.7,0.1,13.9,296.91,30.20,40.9,270,34,https://doi.org/10.1111/j.1365-2966.2009.15965.x,https://doi.org/10.3847/1538-4357/aa88c3,https://doi.org/10.3847/1538-4357/aa88c3,https://doi.org/10.3847/1538-4357/aa6aa9,https://doi.org/10.3847/1538-4357/aa88c3,https://doi.org/10.3847/1538-4357/aa88c3,https://doi.org/10.3847/1538-4357/aa88c3,https://doi.org/10.3847/1538-4357/aa88c3,https://doi.org/10.3847/1538-4357/aa88c3,https://doi.org/10.3847/1538-4357/aa88c3,https://doi.org/10.3847/1538-4357/aa88c3,https://doi.org/10.3847/1538-4357/aa88c3,https://doi.org/10.3847/1538-4357/aa88c3,https://doi.org/10.3847/1538-4357/aa88c3,https://doi.org/10.1111/j.1365-2966.2009.15965.x,https://doi.org/10.1111/j.1365-2966.2009.15965.x,https://doi.org/10.3847/1538-4357/aa88c3
47,J1252+53,12:52(13),+53:42(17),20.7(3),0.2201035829(8),--,--,4.54331541(2),--,--,--,--,122.75,63.43,0.09,--,--,https://doi.org/10.3847/1538-4357/ac1da6,https://doi.org/10.3847/1538-4357/ac1da6,https://doi.org/10.3847/1538-4357/ac1da6,https://doi.org/10.3847/1538-4357/ac1da6,https://doi.org/10.3847/1538-4357/ac1da6,--,--,https://doi.org/10.3847/1538-4357/ac1da6,--,--,--,--,https://doi.org/10.3847/1538-4357/ac1da6,https://doi.org/10.3847/1538-4357/ac1da6,https://doi.org/10.3847/1538-4357/ac1da6,--,--
48,J1307-67,13:07:41(01:12),-67:03(7),44(2),3.6512(8),--,--,0.273883(6),--,--,--,--,304.52,-4.24,11,70,2,https://doi.org/10.1111/j.1365-2966.2011.18917.x,https://doi.org/10.1111/j.1365-2966.2011.18521.x,https://doi.org/10.1111/j.1365-2966.2011.18521.x,https://doi.org/10.1111/j.1365-2966.2011.18917.x,https://doi.org/10.1111/j.1365-2966.2011.18521.x,--,--,https://doi.org/10.1111/j.1365-2966.2011.18521.x,--,--,--,--,https://doi.org/10.1111/j.1365-2966.2011.18521.x,https://doi.org/10.1111/j.1365-2966.2011.18521.x,https://doi.org/10.1111/j.1365-2966.2011.18521.x,https://doi.org/10.1111/j.1365-2966.2011.18521.x,https://doi.org/10.1111/j.1365-2966.2011.18917.x
49,J1311-59,13:11(7),-59,152(5),--,--,--,--,--,--,--,--,305.45,3.78,0.3,130,16,https://doi.org/10.1111/j.1365-2966.2011.18917.x,https://doi.org/10.1111/j.1365-2966.2011.18917.x,https://doi.org/10.1111/j.1365-2966.2011.18917.x,https://doi.org/10.1111/j.1365-2966.2011.18917.x,--,--,--,--,--,--,--,--,https://doi.org/10.1111/j.1365-2966.2011.18917.x,https://doi.org/10.1111/j.1365-2966.2011.18917.x,https://doi.org/10.1111/j.1365-2966.2011.18917.x,https://doi.org/10.1111/j.1365-2966.2011.18917.x,https://doi.org/10.1111/j.1365-2966.2011.18917.x
50,J1317-5759,13:17:46.29(3),-57:59:30.5(3),145.3(3),2.6421985132(5),12.56(3),53911,0.378472698022(7),-1.7991(4),5.8,2.7,3.3,306.43,4.70,4.5,380,12,https://doi.org/10.1038/nature04440,https://doi.org/10.1111/j.1365-2966.2009.15584.x,https://doi.org/10.1111/j.1365-2966.2009.15584.x,https://doi.org/10.1111/j.1365-2966.2009.15584.x,https://doi.org/10.1111/j.1365-2966.2009.15584.x,https://doi.org/10.1111/j.1365-2966.2009.15584.x,https://doi.org/10.1111/j.1365-2966.2009.15584.x,https://doi.org/10.1111/j.1365-2966.2009.15584.x,https://doi.org/10.1111/j.1365-2966.2009.15584.x,https://doi.org/10.1111/j.1365-2966.2009.15584.x,https://doi.org/10.1111/j.1365-2966.2009.15584.x,https://doi.org/10.1111/j.1365-2966.2009.15584.x,https://doi.org/10.1111/j.1365-2966.2009.15584.x,https://doi.org/10.1111/j.1365-2966.2009.15584.x,https://doi.org/10.1038/nature04440,https://doi.org/10.1111/j.1365-2966.2009.15584.x,https://doi.org/10.1111/j.1365-2966.2009.15584.x
51,J1332-03,13:32(2),-03:26(36),27.1(2),1.1064(5),--,--,0.90383(4),--,--,--,--,322.25,57.91,51,--,--,https://doi.org/10.1088/0004-637X/809/1/67,https://doi.org/10.1088/0004-637X/809/1/67,https://doi.org/10.1088/0004-637X/809/1/67,https://doi.org/10.1088/0004-637X/809/1/67,https://doi.org/10.1088/0004-637X/809/1/67,--,--,https://doi.org/10.1088/0004-637X/809/1/67,--,--,--,--,https://doi.org/10.1088/0004-637X/809/1/67,https://doi.org/10.1088/0004-637X/809/1/67,https://doi.org/10.1088/0004-637X/809/1/67,--,--
52,J1336-20,13:36,-20:34,19.3,0.184,--,--,5.435,--,--,--,--,316.82,41.10,--,--,--,https://doi.org/10.1088/0004-637X/809/1/67,https://doi.org/10.1088/0004-637X/809/1/67,https://doi.org/10.1088/0004-637X/809/1/67,https://doi.org/10.1088/0004-637X/809/1/67,https://doi.org/10.1088/0004-637X/809/1/67,--,--,https://doi.org/10.1088/0004-637X/809/1/67,--,--,--,--,https://doi.org/10.1088/0004-637X/809/1/67,https://doi.org/10.1088/0004-637X/809/1/67,--,--,--
53,J1354+24,13:54,+24:54,20.0,--,--,--,--,--,--,--,--,27.43,75.78,--,--,--,https://doi.org/10.1088/0004-637X/809/1/67,https://doi.org/10.1088/0004-637X/809/1/67,https://doi.org/10.1088/0004-637X/809/1/67,https://doi.org/10.1088/0004-637X/809/1/67,--,--,--,--,--,--,--,--,https://doi.org/10.1088/0004-637X/809/1/67,https://doi.org/10.1088/0004-637X/809/1/67,--,--,--
54,J1354+25,13:54,+24:54,20.0,--,--,--,--,--,--,--,--,27.43,75.78,--,--,--,https://doi.org/10.1088/0004-637X/809/1/67,https://doi.org/10.1088/0004-637X/809/1/67,https://doi.org/10.1088/0004-637X/809/1/67,https://doi.org/10.1088/0004-637X/809/1/67,--,--,--,--,--,--,--,--,https://doi.org/10.1088/0004-637X/809/1/67,https://doi.org/10.1088/0004-637X/809/1/67,--,--,--
55,J1404-58,14:04(7),-58,229(5),--,--,--,--,--,--,--,--,312.45,3.52,1.1,220,4,https://doi.org/10.1111/j.1365-2966.2011.18917.x,https://doi.org/10.1111/j.1365-2966.2011.18917.x,https://doi.org/10.1111/j.1365-2966.2011.18917.x,https://doi.org/10.1111/j.1365-2966.2011.18917.x,--,--,--,--,--,--,--,--,https://doi.org/10.1111/j.1365-2966.2011.18917.x,https://doi.org/10.1111/j.1365-2966.2011.18917.x,https://doi.org/10.1111/j.1365-2966.2011.18917.x,https://doi.org/10.1111/j.1365-2966.2011.18917.x,https://doi.org/10.1111/j.1365-2966.2011.18917.x
56,J1424-56,14:24:23(50),-56:40(7),32.9(1.1),1.427,--,--,0.701,--,--,--,--,315.48,3.91,7,110,7,https://doi.org/10.1111/j.1365-2966.2009.15693.x,https://doi.org/10.1111/j.1365-2966.2011.18521.x,https://doi.org/10.1111/j.1365-2966.2011.18521.x,https://doi.org/10.1111/j.1365-2966.2011.18917.x, https://doi.org/10.1111/j.1365-2966.2011.18917.x,--,--, https://doi.org/10.1111/j.1365-2966.2011.18917.x,--,--,--,--,https://doi.org/10.1111/j.1365-2966.2011.18521.x,https://doi.org/10.1111/j.1365-2966.2011.18521.x,https://doi.org/10.1111/j.1365-2966.2011.18521.x,https://doi.org/10.1111/j.1365-2966.2011.18521.x,https://doi.org/10.1111/j.1365-2966.2011.18917.x
57,J1433+00,14:33:30(01:53),+00:28(8),23.5,--,--,--,--,--,--,--,--,349.75,53.79,2,--,--,https://doi.org/10.3847/0004-637X/821/1/10,https://doi.org/10.3847/0004-637X/821/1/10,https://doi.org/10.3847/0004-637X/821/1/10,https://doi.org/10.3847/0004-637X/821/1/10,--,--,--,--,--,--,--,--,https://doi.org/10.3847/0004-637X/821/1/10,https://doi.org/10.3847/0004-637X/821/1/10,https://doi.org/10.3847/0004-637X/821/1/10,--,--
58,J1439+76,14:39(2),+76:55(36),22.29(2),0.947903(2),--,--,1.05496(2),--,--,--,--,115.40,38.60,450,--,--,https://doi.org/10.1088/0004-637X/809/1/67,https://doi.org/10.1088/0004-637X/809/1/67,https://doi.org/10.1088/0004-637X/809/1/67,https://doi.org/10.1088/0004-637X/809/1/67,https://doi.org/10.1088/0004-637X/809/1/67,--,--,https://doi.org/10.1088/0004-637X/809/1/67,--,--,--,--,https://doi.org/10.1088/0004-637X/809/1/67,https://doi.org/10.1088/0004-637X/809/1/67,https://doi.org/10.1088/0004-637X/809/1/67,--,--
59,J1444-6026,14:44:06.02(7),-60:26:09.4(4),367.7(1.4),4.7585755679(2),18.542(8),53893,0.210146920172(9),-0.8188(4),9.5,0.7,4.1,316.40,-0.54,0.78,220,21,https://doi.org/10.1038/nature04440,https://doi.org/10.1111/j.1365-2966.2009.15584.x,https://doi.org/10.1111/j.1365-2966.2009.15584.x,https://doi.org/10.1111/j.1365-2966.2009.15584.x,https://doi.org/10.1111/j.1365-2966.2009.15584.x,https://doi.org/10.1111/j.1365-2966.2009.15584.x,https://doi.org/10.1111/j.1365-2966.2009.15584.x,https://doi.org/10.1111/j.1365-2966.2009.15584.x,https://doi.org/10.1111/j.1365-2966.2009.15584.x,https://doi.org/10.1111/j.1365-2966.2009.15584.x,https://doi.org/10.1111/j.1365-2966.2009.15584.x,https://doi.org/10.1111/j.1365-2966.2009.15584.x,https://doi.org/10.1111/j.1365-2966.2009.15584.x,https://doi.org/10.1111/j.1365-2966.2009.15584.x,https://doi.org/10.1038/nature04440,https://doi.org/10.1111/j.1365-2966.2009.15584.x,https://doi.org/10.1111/j.1365-2966.2009.15584.x
60,J1513-5946,15:13:44.78(1),-59:46:31.9(7),171.7(9),1.046117156733(8),8.5284(4),54909,0.955915877647(7),-7.793(4),3.0,29.4,1.9,319.97,-1.70,20,830,3.3,https://doi.org/10.1111/j.1365-2966.2009.15693.x,https://doi.org/10.1111/j.1365-2966.2011.18917.x,https://doi.org/10.1111/j.1365-2966.2011.18917.x,https://doi.org/10.1111/j.1365-2966.2011.18917.x,https://doi.org/10.1111/j.1365-2966.2011.18917.x,https://doi.org/10.1111/j.1365-2966.2011.18917.x,https://doi.org/10.1111/j.1365-2966.2011.18917.x,https://doi.org/10.1111/j.1365-2966.2011.18917.x,https://doi.org/10.1111/j.1365-2966.2011.18917.x,https://doi.org/10.1111/j.1365-2966.2011.18917.x,https://doi.org/10.1111/j.1365-2966.2011.18917.x,https://doi.org/10.1111/j.1365-2966.2011.18917.x,https://doi.org/10.1111/j.1365-2966.2011.18917.x,https://doi.org/10.1111/j.1365-2966.2011.18917.x,https://doi.org/10.1111/j.1365-2966.2009.15693.x,https://doi.org/10.1111/j.1365-2966.2009.15693.x,https://doi.org/10.1111/j.1365-2966.2009.15693.x
61,J1534-46,15:34:08(42),-46:14(15),64.4(7.8),0.364835(9),--,--,2.74097(7),--,--,--,--,330.01,7.91,--,140,25.5,https://doi.org/10.1111/j.1365-2966.2009.15965.x,https://doi.org/10.1111/j.1365-2966.2009.15965.x,https://doi.org/10.1111/j.1365-2966.2009.15965.x,https://doi.org/10.1111/j.1365-2966.2009.15965.x,https://doi.org/10.1111/j.1365-2966.2009.15965.x,--,--,https://doi.org/10.1111/j.1365-2966.2009.15965.x,--,--,--,--,https://doi.org/10.1111/j.1365-2966.2009.15965.x,https://doi.org/10.1111/j.1365-2966.2009.15965.x,--,https://doi.org/10.1111/j.1365-2966.2009.15965.x,https://doi.org/10.1111/j.1365-2966.2009.15965.x
62,J1538+2345,15:38:06.07(2),+23:45:04.0(2),14.909(1),3.44938495332(9),6.89(1),56745,0.289906755417(8),-0.5791(8),4.9,0.7,7.9,37.32,52.39,129,--,--,https://doi.org/10.1088/0004-637X/809/1/67,https://doi.org/10.1088/0004-637X/809/1/67,https://doi.org/10.1088/0004-637X/809/1/67,https://doi.org/10.1088/0004-637X/809/1/67,https://doi.org/10.1088/0004-637X/809/1/67,https://doi.org/10.1088/0004-637X/809/1/67,https://doi.org/10.1088/0004-637X/809/1/67,https://doi.org/10.1088/0004-637X/809/1/67,https://doi.org/10.1088/0004-637X/809/1/67,https://doi.org/10.1088/0004-637X/809/1/67,https://doi.org/10.1088/0004-637X/809/1/67,https://doi.org/10.1088/0004-637X/809/1/67,https://doi.org/10.1088/0004-637X/809/1/67,https://doi.org/10.1088/0004-637X/809/1/67,https://doi.org/10.1088/0004-637X/809/1/67,--,--
63,J1541+4703,15:41:05.54(2),+47:03:03.7(3),19.4(7),0.2777006928933(3),0.2102(9),59211,3.600999297413(4),-2.73(1),0.2,38.8,20.9,75.50,51.39,8.1,--,--,https://doi.org/10.1093/mnras/stad2012,https://doi.org/10.1093/mnras/stad2012,https://doi.org/10.1093/mnras/stad2012,https://doi.org/10.1093/mnras/stad2012,https://doi.org/10.1093/mnras/stad2012,https://doi.org/10.1093/mnras/stad2012,https://doi.org/10.1093/mnras/stad2012,https://doi.org/10.1093/mnras/stad2012,https://doi.org/10.1093/mnras/stad2012,https://doi.org/10.1093/mnras/stad2012,https://doi.org/10.1093/mnras/stad2012,https://doi.org/10.1093/mnras/stad2012,https://doi.org/10.1093/mnras/stad2012,https://doi.org/10.1093/mnras/stad2012,https://doi.org/10.1093/mnras/stad2012,--,--
64,J1541-42,15:41:44(38),-42:18(7),60(10),--,--,--,--,--,--,--,--,333.49,10.23,7,150,4,https://doi.org/10.1111/j.1365-2966.2011.18521.x,https://doi.org/10.1111/j.1365-2966.2011.18521.x,https://doi.org/10.1111/j.1365-2966.2011.18521.x,https://doi.org/10.1111/j.1365-2966.2011.18521.x,--,--,--,--,--,--,--,--,https://doi.org/10.1111/j.1365-2966.2011.18521.x,https://doi.org/10.1111/j.1365-2966.2011.18521.x,https://doi.org/10.1111/j.1365-2966.2011.18521.x,https://doi.org/10.1111/j.1365-2966.2011.18521.x,https://doi.org/10.1111/j.1365-2966.2011.18521.x
65,J1549-57,15:49:05(52),-57:21(7),17.7(3.5),0.7375(3),--,--,1.3559(6),--,--,--,--,325.13,-2.35,73,210,4,https://doi.org/10.1111/j.1365-2966.2011.18521.x,https://doi.org/10.1111/j.1365-2966.2011.18521.x,https://doi.org/10.1111/j.1365-2966.2011.18521.x,https://doi.org/10.1111/j.1365-2966.2011.18521.x,https://doi.org/10.1111/j.1365-2966.2011.18521.x,--,--,https://doi.org/10.1111/j.1365-2966.2011.18521.x,--,--,--,--,https://doi.org/10.1111/j.1365-2966.2011.18521.x,https://doi.org/10.1111/j.1365-2966.2011.18521.x,https://doi.org/10.1111/j.1365-2966.2011.18521.x,https://doi.org/10.1111/j.1365-2966.2011.18521.x,https://doi.org/10.1111/j.1365-2966.2011.18521.x
66,J1550+09,15:50:47(90),+09:43(15),21(1.5),--,--,--,--,--,--,--,--,19.30,44.35,--,--,--,https://doi.org/10.3103/S1068335620120179,https://doi.org/10.3103/S1068335620120179,https://doi.org/10.3103/S1068335620120179,https://doi.org/10.3103/S1068335620120179,--,--,--,--,--,--,--,--,https://doi.org/10.3103/S1068335620120179,https://doi.org/10.3103/S1068335620120179,--,--,--
67,J1554+18,15:54:17(01:58),+18:04(8),24.0,--,--,--,--,--,--,--,--,30.69,47.07,11,--,--,https://doi.org/10.3847/0004-637X/821/1/10,https://doi.org/10.3847/0004-637X/821/1/10,https://doi.org/10.3847/0004-637X/821/1/10,https://doi.org/10.3847/0004-637X/821/1/10,--,--,--,--,--,--,--,--,https://doi.org/10.3847/0004-637X/821/1/10,https://doi.org/10.3847/0004-637X/821/1/10,https://doi.org/10.3847/0004-637X/821/1/10,--,--
68,J1554-5209,15:54:27.15(2),-52:09:39.3(4),130.8(3),0.1252295584025(7),2.29442(5),55039,7.98533519368(4),-146.305(3),0.5,4614.8,0.9,329.01,1.19,50.3,1400,1.0,https://doi.org/10.1111/j.1365-2966.2009.15693.x,https://doi.org/10.1111/j.1365-2966.2011.18917.x,https://doi.org/10.1111/j.1365-2966.2011.18917.x,https://doi.org/10.1111/j.1365-2966.2011.18917.x,https://doi.org/10.1111/j.1365-2966.2011.18917.x,https://doi.org/10.1111/j.1365-2966.2011.18917.x,https://doi.org/10.1111/j.1365-2966.2011.18917.x,https://doi.org/10.1111/j.1365-2966.2011.18917.x,https://doi.org/10.1111/j.1365-2966.2011.18917.x,https://doi.org/10.1111/j.1365-2966.2011.18917.x,https://doi.org/10.1111/j.1365-2966.2011.18917.x,https://doi.org/10.1111/j.1365-2966.2011.18917.x,https://doi.org/10.1111/j.1365-2966.2011.18917.x,https://doi.org/10.1111/j.1365-2966.2011.18917.x,https://doi.org/10.1111/j.1365-2966.2009.15693.x,https://doi.org/10.1111/j.1365-2966.2009.15693.x,https://doi.org/10.1111/j.1365-2966.2009.15693.x
69,J1555+01,15:55:58(17),+01:08(25),18.5(1.5),0.577,--,--,1.733,--,--,--,--,10.45,38.73,--,--,--,https://doi.org/10.1134/S1063772918010079,https://doi.org/10.1051/0004-6361/201833102,https://doi.org/10.1051/0004-6361/201833102,https://doi.org/10.1051/0004-6361/201833102,https://doi.org/10.1051/0004-6361/202449762,--,--,https://doi.org/10.1051/0004-6361/202449762,--,--,--,--,https://doi.org/10.1051/0004-6361/201833102,https://doi.org/10.1051/0004-6361/201833102,--,--,--
70,J1603+18,16:03:34(01:58),+18:51(8),29.7,0.503,--,--,1.988,--,--,--,--,32.85,45.28,4,--,--,https://doi.org/10.3847/0004-637X/821/1/10,https://doi.org/10.3847/0004-637X/821/1/10,https://doi.org/10.3847/0004-637X/821/1/10,https://doi.org/10.3847/0004-637X/821/1/10,https://doi.org/10.3847/0004-637X/821/1/10,--,--,https://doi.org/10.3847/0004-637X/821/1/10,--,--,--,--,https://doi.org/10.3847/0004-637X/821/1/10,https://doi.org/10.3847/0004-637X/821/1/10,https://doi.org/10.3847/0004-637X/821/1/10,--,--
71,J1610-17,16:10:11(57),-17:50(15),52.5(3.0),--,--,--,--,--,--,--,--,355.61,24.11,13.6,230,5,https://doi.org/10.1111/j.1365-2966.2009.15965.x,https://doi.org/10.1111/j.1365-2966.2009.15965.x,https://doi.org/10.1111/j.1365-2966.2009.15965.x,https://doi.org/10.1111/j.1365-2966.2009.15965.x,--,--,--,--,--,--,--,--,https://doi.org/10.1111/j.1365-2966.2009.15965.x,https://doi.org/10.1111/j.1365-2966.2009.15965.x,https://doi.org/10.1111/j.1365-2966.2009.15965.x,https://doi.org/10.1111/j.1365-2966.2009.15965.x,https://doi.org/10.1111/j.1365-2966.2009.15965.x
72,J1611-01,16:11(2),-01:28(36),27.21(7),1.29687(2),--,--,0.77109(1),--,--,--,--,10.45,34.16,51,--,--,https://doi.org/10.1088/0004-637X/809/1/67,https://doi.org/10.1088/0004-637X/809/1/67,https://doi.org/10.1088/0004-637X/809/1/67,https://doi.org/10.1088/0004-637X/809/1/67,https://doi.org/10.1088/0004-637X/809/1/67,--,--,https://doi.org/10.1088/0004-637X/809/1/67,--,--,--,--,https://doi.org/10.1088/0004-637X/809/1/67,https://doi.org/10.1088/0004-637X/809/1/67,https://doi.org/10.1088/0004-637X/809/1/67,--,--
73,J1623-0841,16:23:42.6827(97),-08:41:36.6(5),59.79(2),0.5030150056(1),1.9556(7),55079,1.98801226378(4),-7.729(3),1.0,60.7,4.1,5.77,27.37,35.77,--,--,https://doi.org/10.1088/0004-637X/763/2/80,https://doi.org/10.3847/1538-4357/aa88c3,https://doi.org/10.3847/1538-4357/aa88c3,https://doi.org/10.3847/1538-4357/aa88c3,https://doi.org/10.3847/1538-4357/aa88c3,https://doi.org/10.3847/1538-4357/aa88c3,https://doi.org/10.3847/1538-4357/aa88c3,https://doi.org/10.3847/1538-4357/aa88c3,https://doi.org/10.3847/1538-4357/aa88c3,https://doi.org/10.3847/1538-4357/aa88c3,https://doi.org/10.3847/1538-4357/aa88c3,https://doi.org/10.3847/1538-4357/aa88c3,https://doi.org/10.3847/1538-4357/aa88c3,https://doi.org/10.3847/1538-4357/aa88c3,https://doi.org/10.3847/1538-4357/aa6aa9,--,--
74,J1647-3607,16:47:46.51(2),-36:07:04(1),224(1),0.21231640921(5),0.129(2),54984,4.709951547(1),-2.86(4),0.2,53.2,26.1,347.08,5.77,436.4,--,9.9,https://doi.org/10.1111/j.1365-2966.2009.15965.x,https://doi.org/10.1111/j.1365-2966.2012.22042.x,https://doi.org/10.1111/j.1365-2966.2012.22042.x,https://doi.org/10.1111/j.1365-2966.2012.22042.x,0.21231640921,https://doi.org/10.1111/j.1365-2966.2012.22042.x,https://doi.org/10.1111/j.1365-2966.2012.22042.x,0.21231640921,https://doi.org/10.1111/j.1365-2966.2012.22042.x,https://doi.org/10.1111/j.1365-2966.2012.22042.x,https://doi.org/10.1111/j.1365-2966.2012.22042.x,https://doi.org/10.1111/j.1365-2966.2012.22042.x,https://doi.org/10.1111/j.1365-2966.2012.22042.x,https://doi.org/10.1111/j.1365-2966.2012.22042.x,https://doi.org/10.1111/j.1365-2966.2009.15965.x,--,https://doi.org/10.1093/mnras/stx3095
75,J1649-46,16:49(7),-46,394(10),--,--,--,--,--,--,--,--,339.65,-0.76,0.3,135,16,https://doi.org/10.1111/j.1365-2966.2011.18917.x,https://doi.org/10.1111/j.1365-2966.2011.18917.x,https://doi.org/10.1111/j.1365-2966.2011.18917.x,https://doi.org/10.1111/j.1365-2966.2011.18917.x,--,--,--,--,--,--,--,--,https://doi.org/10.1111/j.1365-2966.2011.18917.x,https://doi.org/10.1111/j.1365-2966.2011.18917.x,https://doi.org/10.1111/j.1365-2966.2011.18917.x,https://doi.org/10.1111/j.1365-2966.2011.18917.x,https://doi.org/10.1111/j.1365-2966.2011.18917.x
76,J1652-4406,16:52:59.5(2),-44:06:05(4),786(10),7.707183007(4),9.5(2),54947,0.12974909238(7),-0.16(3),8.7,0.1,12.9,341.56,-0.09,0.7,40,64,https://doi.org/10.1111/j.1365-2966.2011.18917.x,https://doi.org/10.1111/j.1365-2966.2011.18917.x,https://doi.org/10.1111/j.1365-2966.2011.18917.x,https://doi.org/10.1111/j.1365-2966.2011.18917.x,https://doi.org/10.1111/j.1365-2966.2011.18917.x,https://doi.org/10.1111/j.1365-2966.2011.18917.x,https://doi.org/10.1111/j.1365-2966.2011.18917.x,https://doi.org/10.1111/j.1365-2966.2011.18917.x,https://doi.org/10.1111/j.1365-2966.2011.18917.x,https://doi.org/10.1111/j.1365-2966.2011.18917.x,https://doi.org/10.1111/j.1365-2966.2011.18917.x,https://doi.org/10.1111/j.1365-2966.2011.18917.x,https://doi.org/10.1111/j.1365-2966.2011.18917.x,https://doi.org/10.1111/j.1365-2966.2011.18917.x,https://doi.org/10.1111/j.1365-2966.2011.18917.x,https://doi.org/10.1111/j.1365-2966.2011.18917.x,https://doi.org/10.1111/j.1365-2966.2011.18917.x
77,J1654-2335,16:54:03(31),-23:35(7),74.5(2.5),0.54535972(3),--,--,1.8336521(1),--,--,--,--,357.86,12.55,40.9,710,0.52,https://doi.org/10.1111/j.1365-2966.2011.18917.x,https://doi.org/10.1111/j.1365-2966.2011.18917.x,https://doi.org/10.1111/j.1365-2966.2011.18917.x,https://doi.org/10.1111/j.1365-2966.2009.15965.x,https://doi.org/10.1111/j.1365-2966.2011.18917.x,--,--,https://doi.org/10.1111/j.1365-2966.2011.18917.x,--,--,--,--,https://doi.org/10.1111/j.1365-2966.2011.18917.x,https://doi.org/10.1111/j.1365-2966.2011.18917.x,https://doi.org/10.1111/j.1365-2966.2009.15965.x,https://doi.org/10.1111/j.1365-2966.2009.15965.x,https://doi.org/10.1111/j.1365-2966.2009.15965.x
78,J1703-38,17:03:26(37),-38:12(7),375(12),6.443(1),--,--,0.15521(2),--,--,--,--,347.41,2.04,3.2,160,9.0,https://doi.org/10.1111/j.1365-2966.2009.15693.x,https://doi.org/10.1111/j.1365-2966.2011.18917.x,https://doi.org/10.1111/j.1365-2966.2011.18917.x,https://doi.org/10.1111/j.1365-2966.2011.18917.x,https://doi.org/10.1111/j.1365-2966.2011.18917.x,--,--,https://doi.org/10.1111/j.1365-2966.2011.18917.x,--,--,--,--,https://doi.org/10.1111/j.1365-2966.2011.18917.x,https://doi.org/10.1111/j.1365-2966.2011.18917.x,https://doi.org/10.1111/j.1365-2966.2009.15693.x,https://doi.org/10.1111/j.1365-2966.2009.15693.x,https://doi.org/10.1111/j.1365-2966.2009.15693.x
79,J1705-04,17:05(2),-04:41(36),42.951(9),0.23748(2),--,--,4.2109(4),--,--,--,--,15.71,21.10,26,--,--,https://doi.org/10.1088/0004-637X/809/1/67,https://doi.org/10.1088/0004-637X/809/1/67,https://doi.org/10.1088/0004-637X/809/1/67,https://doi.org/10.1088/0004-637X/809/1/67,https://doi.org/10.1088/0004-637X/809/1/67,--,--,https://doi.org/10.1088/0004-637X/809/1/67,--,--,--,--,https://doi.org/10.1088/0004-637X/809/1/67,https://doi.org/10.1088/0004-637X/809/1/67,https://doi.org/10.1088/0004-637X/809/1/67,--,--
80,J1707-4417,17:07:41.41(3),-44:17:19(1),380(10),5.763777003(4),11.65(2),54999,0.17349734375(1),-0.3507(6),8.3,0.2,7.8,343.04,-2.28,8.5,575,12.1,https://doi.org/10.1111/j.1365-2966.2009.15693.x,https://doi.org/10.1111/j.1365-2966.2011.18917.x,https://doi.org/10.1111/j.1365-2966.2011.18917.x,https://doi.org/10.1111/j.1365-2966.2011.18917.x,https://doi.org/10.1111/j.1365-2966.2011.18917.x,https://doi.org/10.1111/j.1365-2966.2011.18917.x,https://doi.org/10.1111/j.1365-2966.2011.18917.x,https://doi.org/10.1111/j.1365-2966.2011.18917.x,https://doi.org/10.1111/j.1365-2966.2011.18917.x,https://doi.org/10.1111/j.1365-2966.2011.18917.x,https://doi.org/10.1111/j.1365-2966.2011.18917.x,https://doi.org/10.1111/j.1365-2966.2011.18917.x,https://doi.org/10.1111/j.1365-2966.2011.18917.x,https://doi.org/10.1111/j.1365-2966.2011.18917.x,https://doi.org/10.1111/j.1365-2966.2009.15693.x,https://doi.org/10.1111/j.1365-2966.2009.15693.x,https://doi.org/10.1111/j.1365-2966.2009.15693.x
81,J1709-43,17:09:47(39),-43:54(7),228(20),--,--,--,--,--,--,--,--,343.57,-2.36,7,240,3,https://doi.org/10.1111/j.1365-2966.2011.18521.x,https://doi.org/10.1111/j.1365-2966.2011.18521.x,https://doi.org/10.1111/j.1365-2966.2011.18521.x,https://doi.org/10.1111/j.1365-2966.2011.18521.x,--,--,--,--,--,--,--,--,https://doi.org/10.1111/j.1365-2966.2011.18521.x,https://doi.org/10.1111/j.1365-2966.2011.18521.x,https://doi.org/10.1111/j.1365-2966.2011.18521.x,https://doi.org/10.1111/j.1365-2966.2011.18521.x,https://doi.org/10.1111/j.1365-2966.2011.18521.x
82,J1717+03,17:17:56(01:54),+03:11(8),25.6,3.901,--,--,0.256,--,--,--,--,24.78,22.20,8,--,--,https://doi.org/10.3847/0004-637X/821/1/10,https://doi.org/10.3847/0004-637X/821/1/10,https://doi.org/10.3847/0004-637X/821/1/10,https://doi.org/10.3847/0004-637X/821/1/10,https://doi.org/10.3847/0004-637X/821/1/10,--,--,https://doi.org/10.3847/0004-637X/821/1/10,--,--,--,--,https://doi.org/10.3847/0004-637X/821/1/10,https://doi.org/10.3847/0004-637X/821/1/10,https://doi.org/10.3847/0004-637X/821/1/10,--,--
83,J1720+00,17:20:55(01:53),+00:40(8),46.2,3.357,--,--,0.298,--,--,--,--,22.79,20.35,33,--,--,https://doi.org/10.3847/0004-637X/821/1/10,https://doi.org/10.3847/0004-637X/821/1/10,https://doi.org/10.3847/0004-637X/821/1/10,https://doi.org/10.3847/0004-637X/821/1/10,https://doi.org/10.3847/0004-637X/821/1/10,--,--,https://doi.org/10.3847/0004-637X/821/1/10,--,--,--,--,https://doi.org/10.3847/0004-637X/821/1/10,https://doi.org/10.3847/0004-637X/821/1/10,https://doi.org/10.3847/0004-637X/821/1/10,--,--
84,J1724-35,17:24:43(36),-35:49(7),554.9(9.9),1.42199(2),--,--,0.70324(10),--,--,--,--,351.83,-0.01,3.4,180,5.9,https://doi.org/10.1111/j.1365-2966.2009.14524.x,https://doi.org/10.1111/j.1365-2966.2011.18917.x,https://doi.org/10.1111/j.1365-2966.2011.18917.x,https://doi.org/10.1111/j.1365-2966.2009.15693.x,https://doi.org/10.1111/j.1365-2966.2009.15693.x,--,--,https://doi.org/10.1111/j.1365-2966.2009.15693.x,--,--,--,--,https://doi.org/10.1111/j.1365-2966.2011.18917.x,https://doi.org/10.1111/j.1365-2966.2011.18917.x,https://doi.org/10.1111/j.1365-2966.2009.15693.x,https://doi.org/10.1111/j.1365-2966.2009.15693.x,https://doi.org/10.1111/j.1365-2966.2009.15693.x
85,J1727-29,17:27:19(33),-29:59(7),93(10),--,--,--,--,--,--,--,--,356.97,2.80,0.9,160,7.2,https://doi.org/10.1111/j.1365-2966.2009.15693.x,https://doi.org/10.1111/j.1365-2966.2011.18917.x,https://doi.org/10.1111/j.1365-2966.2011.18917.x,https://doi.org/10.1111/j.1365-2966.2011.18917.x,--,--,--,--,--,--,--,--,https://doi.org/10.1111/j.1365-2966.2011.18917.x,https://doi.org/10.1111/j.1365-2966.2011.18917.x,https://doi.org/10.1111/j.1365-2966.2009.15693.x,https://doi.org/10.1111/j.1365-2966.2009.15693.x,https://doi.org/10.1111/j.1365-2966.2009.15693.x
86,J1739-2521,17:39:32.629(54),-25:21:56(15),186.4,1.8184611929(2),0.24(2),55631,0.54991550214(7),-0.073(6),0.7,0.2,120.1,2.33,3.03,22.64,--,--,https://doi.org/10.3847/1538-4357/aa6aa9,https://doi.org/10.3847/1538-4357/aa88c3,https://doi.org/10.3847/1538-4357/aa88c3,https://doi.org/10.3847/1538-4357/aa6aa9,https://doi.org/10.3847/1538-4357/aa88c3,https://doi.org/10.3847/1538-4357/aa88c3,https://doi.org/10.3847/1538-4357/aa88c3,https://doi.org/10.3847/1538-4357/aa88c3,https://doi.org/10.3847/1538-4357/aa88c3,https://doi.org/10.3847/1538-4357/aa88c3,https://doi.org/10.3847/1538-4357/aa88c3,https://doi.org/10.3847/1538-4357/aa88c3,https://doi.org/10.3847/1538-4357/aa88c3,https://doi.org/10.3847/1538-4357/aa88c3,https://doi.org/10.3847/1538-4357/aa6aa9,--,--
87,J1753-12,17:52:53(58),-12:59(15),73.2(5.2),0.405454(1),--,--,2.466371(6),--,--,--,--,14.61,6.70,40.9,160,18.8,https://doi.org/10.1111/j.1365-2966.2009.15965.x,https://doi.org/10.1111/j.1365-2966.2009.15965.x,https://doi.org/10.1111/j.1365-2966.2009.15965.x,https://doi.org/10.1111/j.1365-2966.2009.15965.x,https://doi.org/10.1111/j.1365-2966.2009.15965.x,--,--,https://doi.org/10.1111/j.1365-2966.2009.15965.x,--,--,--,--,https://doi.org/10.1111/j.1365-2966.2009.15965.x,https://doi.org/10.1111/j.1365-2966.2009.15965.x,https://doi.org/10.1111/j.1365-2966.2009.15965.x,https://doi.org/10.1111/j.1365-2966.2009.15965.x,https://doi.org/10.1111/j.1365-2966.2009.15965.x
88,J1753-38,17:53(1),-38:49(7),168.4(1.3),0.666804,--,--,1.499691,--,--,--,--,352.28,-6.37,26.3,440,4.8,https://doi.org/10.1111/j.1365-2966.2009.15965.x,https://doi.org/10.1111/j.1365-2966.2010.17325.x,https://doi.org/10.1111/j.1365-2966.2010.17325.x,https://doi.org/10.1111/j.1365-2966.2009.15965.x,https://doi.org/10.1111/j.1365-2966.2010.17325.x,--,--,https://doi.org/10.1111/j.1365-2966.2010.17325.x,--,--,--,--,https://doi.org/10.1111/j.1365-2966.2010.17325.x,https://doi.org/10.1111/j.1365-2966.2010.17325.x,https://doi.org/10.1111/j.1365-2966.2009.15965.x,https://doi.org/10.1111/j.1365-2966.2009.15965.x,https://doi.org/10.1111/j.1365-2966.2009.15965.x
89,J1754-3014,17:54:30.181(40),-30:15:03(5),89.7(7),1.3204904144(3),4.43(2),55292,0.757294403(2),-2.54(1),2.4,7.6,4.7,359.86,-2.33,0.6,160,16,https://doi.org/10.1038/nature04440,https://doi.org/10.3847/1538-4357/aa88c3,https://doi.org/10.3847/1538-4357/aa88c3,https://doi.org/10.3847/1538-4357/aa88c3,https://doi.org/10.3847/1538-4357/aa88c3,https://doi.org/10.3847/1538-4357/aa88c3,https://doi.org/10.3847/1538-4357/aa88c3,https://doi.org/10.3847/1538-4357/aa88c3,https://doi.org/10.3847/1538-4357/aa88c3,https://doi.org/10.3847/1538-4357/aa88c3,https://doi.org/10.3847/1538-4357/aa88c3,https://doi.org/10.3847/1538-4357/aa88c3,https://doi.org/10.3847/1538-4357/aa88c3,https://doi.org/10.3847/1538-4357/aa88c3,https://doi.org/10.1038/nature04440,https://doi.org/10.1038/nature04440,https://doi.org/10.1038/nature04440
90,J1807-2557,18:07:13.66(1),-25:57:20(5),385(10),2.76419486975(4),4.994(2),54984,0.361768994995(5),-0.6536(3),3.8,0.9,8.8,4.99,-2.65,6.2,410,4.0,https://doi.org/10.1111/j.1365-2966.2009.15693.x,https://doi.org/10.1111/j.1365-2966.2011.18917.x,https://doi.org/10.1111/j.1365-2966.2011.18917.x,https://doi.org/10.1111/j.1365-2966.2011.18917.x,https://doi.org/10.1111/j.1365-2966.2011.18917.x,https://doi.org/10.1111/j.1365-2966.2011.18917.x,https://doi.org/10.1111/j.1365-2966.2011.18917.x,https://doi.org/10.1111/j.1365-2966.2011.18917.x,https://doi.org/10.1111/j.1365-2966.2011.18917.x,https://doi.org/10.1111/j.1365-2966.2011.18917.x,https://doi.org/10.1111/j.1365-2966.2011.18917.x,https://doi.org/10.1111/j.1365-2966.2011.18917.x,https://doi.org/10.1111/j.1365-2966.2011.18917.x,https://doi.org/10.1111/j.1365-2966.2011.18917.x,https://doi.org/10.1111/j.1365-2966.2009.15693.x,https://doi.org/10.1111/j.1365-2966.2009.15693.x,https://doi.org/10.1111/j.1365-2966.2009.15693.x
91,J1819-1458,18:19:34.16(1),-14:58:03.57(1),196.0(4),4.2632901504(1),562.717(4),55996.24,0.234560624476(6),-30.96(2),49.6,28.7,0.1,16.02,0.08,17.6,3600,3,https://doi.org/10.1038/nature04440,https://doi.org/10.1093/mnras/sty923,https://doi.org/10.1093/mnras/sty923,https://doi.org/10.1111/j.1365-2966.2008.13669.x,https://doi.org/10.1093/mnras/sty923,https://doi.org/10.1093/mnras/sty923,https://doi.org/10.1093/mnras/sty923,https://doi.org/10.1093/mnras/sty923,https://doi.org/10.1093/mnras/sty923,https://doi.org/10.1093/mnras/sty923,https://doi.org/10.1093/mnras/sty923,https://doi.org/10.1093/mnras/sty923,https://doi.org/10.1093/mnras/sty923,https://doi.org/10.1093/mnras/sty923,https://doi.org/10.1038/nature04440,https://doi.org/10.1038/nature04440,https://doi.org/10.1038/nature04440
92,J1825-33,18:26:02(50),-33:21(15),43.2(2.0),1.2712(2),--,--,0.7867(1),--,--,--,--,0.31,-9.70,14.4,360,16.5,https://doi.org/10.1111/j.1365-2966.2009.15965.x,https://doi.org/10.1111/j.1365-2966.2009.15965.x,https://doi.org/10.1111/j.1365-2966.2009.15965.x,https://doi.org/10.1111/j.1365-2966.2009.15965.x,https://doi.org/10.1111/j.1365-2966.2009.15965.x,--,--,https://doi.org/10.1111/j.1365-2966.2009.15965.x,--,--,--,--,https://doi.org/10.1111/j.1365-2966.2009.15965.x,https://doi.org/10.1111/j.1365-2966.2009.15965.x,https://doi.org/10.1111/j.1365-2966.2009.15965.x,https://doi.org/10.1111/j.1365-2966.2009.15965.x,https://doi.org/10.1111/j.1365-2966.2009.15965.x
93,J1826-1419,18:26:42.391(4),-14:19:21.6(3),160(1),0.770620171033(7),8.7841(2),54053,1.29765614448(1),-14.7916(3),2.6,75.8,1.4,17.40,-1.14,1.06,520,2,https://doi.org/10.1038/nature04440,https://doi.org/10.1111/j.1365-2966.2009.15584.x,https://doi.org/10.1111/j.1365-2966.2009.15584.x,https://doi.org/10.1111/j.1365-2966.2009.15584.x,https://doi.org/10.1111/j.1365-2966.2009.15584.x,https://doi.org/10.1111/j.1365-2966.2009.15584.x,https://doi.org/10.1111/j.1365-2966.2009.15584.x,https://doi.org/10.1111/j.1365-2966.2009.15584.x,https://doi.org/10.1111/j.1365-2966.2009.15584.x,https://doi.org/10.1111/j.1365-2966.2009.15584.x,https://doi.org/10.1111/j.1365-2966.2009.15584.x,https://doi.org/10.1111/j.1365-2966.2009.15584.x,https://doi.org/10.1111/j.1365-2966.2009.15584.x,https://doi.org/10.1111/j.1365-2966.2009.15584.x,https://doi.org/10.1038/nature04440,https://doi.org/10.1111/j.1365-2966.2009.15584.x,https://doi.org/10.1111/j.1365-2966.2009.15584.x
94,J1838+50,18:38(8),+50:51(15),21.81(1),2.577223412(5),--,--,0.3880144792(8),--,--,--,--,79.82,22.74,3.9,--,--,https://doi.org/10.3847/1538-4357/ac1da6,https://doi.org/10.3847/1538-4357/ac1da6,https://doi.org/10.3847/1538-4357/ac1da6,https://doi.org/10.3847/1538-4357/ac1da6,https://doi.org/10.3847/1538-4357/ac1da6,--,--,https://doi.org/10.3847/1538-4357/ac1da6,--,--,--,--,https://doi.org/10.3847/1538-4357/ac1da6,https://doi.org/10.3847/1538-4357/ac1da6,https://doi.org/10.3847/1538-4357/ac1da6,--,--
95,J1839-0141,18:39:06.9848(85),-01:41:56.0(2),293.2(6),0.93326558076(2),5.944(1),55467,1.07150635426(2),-6.824(1),2.4,28.9,2.5,30.01,1.96,0.61,100,15,https://doi.org/10.1038/nature04440,https://doi.org/10.3847/1538-4357/aa88c3,https://doi.org/10.3847/1538-4357/aa88c3,https://doi.org/10.3847/1538-4357/aa6aa9,https://doi.org/10.3847/1538-4357/aa88c3,https://doi.org/10.3847/1538-4357/aa88c3,https://doi.org/10.3847/1538-4357/aa88c3,https://doi.org/10.3847/1538-4357/aa88c3,https://doi.org/10.3847/1538-4357/aa88c3,https://doi.org/10.3847/1538-4357/aa88c3,https://doi.org/10.3847/1538-4357/aa88c3,https://doi.org/10.3847/1538-4357/aa88c3,https://doi.org/10.3847/1538-4357/aa88c3,https://doi.org/10.3847/1538-4357/aa88c3,https://doi.org/10.1038/nature04440,https://doi.org/10.1038/nature04440,https://doi.org/10.1038/nature04440
96,J1840-1419,18:40:33.04(1),-14:19:06.5(9),19.4(1.4),6.5975625223(1),6.353(1),55074.9,0.151571128977(2),-0.14595(2),6.6,0.1,16.5,18.94,-4.12,46.0,1700,2.6,https://doi.org/10.1111/j.1365-2966.2009.15693.x,https://doi.org/10.1093/mnras/sty923,https://doi.org/10.1093/mnras/sty923,https://doi.org/10.1111/j.1365-2966.2011.18917.x,https://doi.org/10.1093/mnras/sty923,https://doi.org/10.1093/mnras/sty923,https://doi.org/10.1093/mnras/sty923,https://doi.org/10.1093/mnras/sty923,https://doi.org/10.1093/mnras/sty923,https://doi.org/10.1093/mnras/sty923,https://doi.org/10.1093/mnras/sty923,https://doi.org/10.1093/mnras/sty923,https://doi.org/10.1093/mnras/sty923,https://doi.org/10.1093/mnras/sty923,https://doi.org/10.1111/j.1365-2966.2009.15693.x,https://doi.org/10.1111/j.1365-2966.2009.15693.x,https://doi.org/10.1111/j.1365-2966.2009.15693.x
97,J1843+01,18:43,+01,247.8(2.4),1.26702(4),--,--,0.78925(2),--,--,--,--,32.86,2.33,--,21,3.5,https://doi.org/10.3847/1538-4357/aaee65,https://doi.org/10.3847/1538-4357/aaee65,https://doi.org/10.3847/1538-4357/aaee65,https://doi.org/10.3847/1538-4357/aaee65,https://doi.org/10.3847/1538-4357/aaee65,--,--,https://doi.org/10.3847/1538-4357/aaee65,--,--,--,--,https://doi.org/10.3847/1538-4357/aaee65,https://doi.org/10.3847/1538-4357/aaee65,--,https://doi.org/10.3847/1538-4357/aaee65,https://doi.org/10.3847/1538-4357/aaee65
98,J1846-0257,18:46:15.49(4),-02:57:36.0(1.8),237(7),4.4767225398(1),160.587(3),53039,0.223377703467(5),-8.0129(1),27.1,7.1,0.4,29.71,-0.20,1.1,200,15,https://doi.org/10.1038/nature04440,https://doi.org/10.1111/j.1365-2966.2009.15584.x,https://doi.org/10.1111/j.1365-2966.2009.15584.x,https://doi.org/10.1111/j.1365-2966.2009.15584.x,https://doi.org/10.1111/j.1365-2966.2009.15584.x,https://doi.org/10.1111/j.1365-2966.2009.15584.x,https://doi.org/10.1111/j.1365-2966.2009.15584.x,https://doi.org/10.1111/j.1365-2966.2009.15584.x,https://doi.org/10.1111/j.1365-2966.2009.15584.x,https://doi.org/10.1111/j.1365-2966.2009.15584.x,https://doi.org/10.1111/j.1365-2966.2009.15584.x,https://doi.org/10.1111/j.1365-2966.2009.15584.x,https://doi.org/10.1111/j.1365-2966.2009.15584.x,https://doi.org/10.1111/j.1365-2966.2009.15584.x,https://doi.org/10.1038/nature04440,https://doi.org/10.1111/j.1365-2966.2009.15584.x,https://doi.org/10.1111/j.1365-2966.2009.15584.x
99,J1848+1516,18:48:56.13(2),+15:16:44.1(4),77.436(9),2.23376977466(5),1.6813(8),57655,0.44767370897(1),-0.337(2),2.0,0.6,21.1,46.33,7.44,--,--,--,https://doi.org/10.1093/mnras/sty2072,https://doi.org/10.1093/mnras/stz2997,https://doi.org/10.1093/mnras/stz2997,https://doi.org/10.1093/mnras/stz2997,https://doi.org/10.1093/mnras/stz2997,https://doi.org/10.1093/mnras/stz2997,https://doi.org/10.1093/mnras/stz2997,https://doi.org/10.1093/mnras/stz2997,https://doi.org/10.1093/mnras/stz2997,https://doi.org/10.1093/mnras/stz2997,https://doi.org/10.1093/mnras/stz2997,https://doi.org/10.1093/mnras/stz2997,https://doi.org/10.1093/mnras/stz2997,https://doi.org/10.1093/mnras/stz2997,--,--,--
100,J1848-1243,18:48:18.026(14),-12:43:30(1),91.96(7),0.4143833544(2),0.4405(8),55595,2.4132243474(1),-2.565(5),0.4,24.5,14.9,21.22,-5.08,1.25,450,2,https://doi.org/10.1038/nature04440,https://doi.org/10.3847/1538-4357/aa88c3,https://doi.org/10.3847/1538-4357/aa88c3,https://doi.org/10.3847/1538-4357/aa88c3,https://doi.org/10.3847/1538-4357/aa88c3,https://doi.org/10.3847/1538-4357/aa88c3,https://doi.org/10.3847/1538-4357/aa88c3,https://doi.org/10.3847/1538-4357/aa88c3,https://doi.org/10.3847/1538-4357/aa88c3,https://doi.org/10.3847/1538-4357/aa88c3,https://doi.org/10.3847/1538-4357/aa88c3,https://doi.org/10.3847/1538-4357/aa88c3,https://doi.org/10.3847/1538-4357/aa88c3,https://doi.org/10.3847/1538-4357/aa88c3,https://doi.org/10.1038/nature04440,https://doi.org/10.1038/nature04440,https://doi.org/10.1038/nature04440
101,J1850+15,18:50:09(58),+15:32(15),24.7(8.7),1.383965(3),--,--,0.722562(2),--,--,--,--,46.69,7.29,--,200,31.8,https://doi.org/10.1111/j.1365-2966.2009.15965.x,https://doi.org/10.1111/j.1365-2966.2009.15965.x,https://doi.org/10.1111/j.1365-2966.2009.15965.x,https://doi.org/10.1111/j.1365-2966.2009.15965.x,https://doi.org/10.1111/j.1365-2966.2009.15965.x,--,--,https://doi.org/10.1111/j.1365-2966.2009.15965.x,--,--,--,--,https://doi.org/10.1111/j.1365-2966.2009.15965.x,https://doi.org/10.1111/j.1365-2966.2009.15965.x,--,https://doi.org/10.1111/j.1365-2966.2009.15965.x,https://doi.org/10.1111/j.1365-2966.2009.15965.x
102,J1853+04,18:53,+04,549.3(1.3),1.32065(4),--,--,0.7572(2),--,--,--,--,36.67,1.48,--,33,2.0,https://doi.org/10.3847/1538-4357/aaee65,https://doi.org/10.3847/1538-4357/aaee65,https://doi.org/10.3847/1538-4357/aaee65,https://doi.org/10.3847/1538-4357/aaee65,https://doi.org/10.3847/1538-4357/aaee65,--,--,https://doi.org/10.3847/1538-4357/aaee65,--,--,--,--,https://doi.org/10.3847/1538-4357/aaee65,https://doi.org/10.3847/1538-4357/aaee65,--,https://doi.org/10.3847/1538-4357/aaee65,https://doi.org/10.3847/1538-4357/aaee65
103,J1854+0306,18:54:02.98(3),+03:06:14(1),192.4(5.2),4.5578200962(1),145.125(6),54944,0.219403131079(5),-6.986(3),26.0,6.1,0.5,35.99,0.83,84,14,--,https://doi.org/10.1111/j.1365-2966.2011.18917.x,https://doi.org/10.1111/j.1365-2966.2011.18917.x,https://doi.org/10.1111/j.1365-2966.2011.18917.x,https://doi.org/10.1111/j.1365-2966.2011.18917.x,https://doi.org/10.1111/j.1365-2966.2011.18917.x,https://doi.org/10.1111/j.1365-2966.2011.18917.x,https://doi.org/10.1111/j.1365-2966.2011.18917.x,https://doi.org/10.1111/j.1365-2966.2011.18917.x,https://doi.org/10.1111/j.1365-2966.2011.18917.x,https://doi.org/10.1111/j.1365-2966.2011.18917.x,https://doi.org/10.1111/j.1365-2966.2011.18917.x,https://doi.org/10.1111/j.1365-2966.2011.18917.x,https://doi.org/10.1111/j.1365-2966.2011.18917.x,https://doi.org/10.1111/j.1365-2966.2011.18917.x,https://doi.org/10.1088/0004-637X/703/2/2259,https://doi.org/10.1088/0004-637X/703/2/2259,--
104,J1854-1557,18:54:53.6(1),-15:57:47(14),150(17),3.4531211813(7),4.52(4),55124,0.28959308043(6),-0.379(3),4.0,0.4,12.1,19.02,-7.95,25,50,65,https://doi.org/10.1111/j.1365-2966.2011.18521.x,https://doi.org/10.1111/j.1365-2966.2012.22042.x,https://doi.org/10.1111/j.1365-2966.2012.22042.x,https://doi.org/10.1111/j.1365-2966.2012.22042.x,https://doi.org/10.1111/j.1365-2966.2012.22042.x,https://doi.org/10.1111/j.1365-2966.2012.22042.x,https://doi.org/10.1111/j.1365-2966.2012.22042.x,https://doi.org/10.1111/j.1365-2966.2012.22042.x,https://doi.org/10.1111/j.1365-2966.2012.22042.x,https://doi.org/10.1111/j.1365-2966.2012.22042.x,https://doi.org/10.1111/j.1365-2966.2012.22042.x,https://doi.org/10.1111/j.1365-2966.2012.22042.x,https://doi.org/10.1111/j.1365-2966.2012.22042.x,https://doi.org/10.1111/j.1365-2966.2012.22042.x,https://doi.org/10.1111/j.1365-2966.2011.18521.x,https://doi.org/10.1111/j.1365-2966.2011.18521.x,https://doi.org/10.1111/j.1365-2966.2011.18521.x
105,J1856+09,18:56,+09,193.4(6),2.1707(1),--,--,0.46068(2),--,--,--,--,41.47,3.09,--,48,4,https://doi.org/10.3847/1538-4357/aaee65,https://doi.org/10.3847/1538-4357/aaee65,https://doi.org/10.3847/1538-4357/aaee65,https://doi.org/10.3847/1538-4357/aaee65,https://doi.org/10.3847/1538-4357/aaee65,--,--,https://doi.org/10.3847/1538-4357/aaee65,--,--,--,--,https://doi.org/10.3847/1538-4357/aaee65,https://doi.org/10.3847/1538-4357/aaee65,--,https://doi.org/10.3847/1538-4357/aaee65,https://doi.org/10.3847/1538-4357/aaee65
106,J1859+07,18:59,+07,303.1(2.2),--,--,--,--,--,--,--,--,40.02,1.51,--,20,4.5,https://doi.org/10.3847/1538-4357/aaee65,https://doi.org/10.3847/1538-4357/aaee65,https://doi.org/10.3847/1538-4357/aaee65,https://doi.org/10.3847/1538-4357/aaee65,--,--,--,--,--,--,--,--,https://doi.org/10.3847/1538-4357/aaee65,https://doi.org/10.3847/1538-4357/aaee65,--,https://doi.org/10.3847/1538-4357/aaee65,https://doi.org/10.3847/1538-4357/aaee65
107,J1901+11,19:01,+11,268.9(8),4.0914(1),--,--,0.244415(6),--,--,--,--,43.81,2.90,--,29,2.2,https://doi.org/10.3847/1538-4357/aaee65,https://doi.org/10.3847/1538-4357/aaee65,https://doi.org/10.3847/1538-4357/aaee65,https://doi.org/10.3847/1538-4357/aaee65,https://doi.org/10.3847/1538-4357/aaee65,--,--,https://doi.org/10.3847/1538-4357/aaee65,--,--,--,--,https://doi.org/10.3847/1538-4357/aaee65,https://doi.org/10.3847/1538-4357/aaee65,--,https://doi.org/10.3847/1538-4357/aaee65,https://doi.org/10.3847/1538-4357/aaee65
108,J1905+0414,19:05,+04:14,383(1),--,--,--,--,--,--,--,--,38.25,-1.08,--,36,3.3,https://doi.org/10.3847/1538-4357/aaee65,https://doi.org/10.3847/1538-4357/aaee65,https://doi.org/10.3847/1538-4357/aaee65,https://doi.org/10.3847/1538-4357/aaee65,--,--,--,--,--,--,--,--,https://doi.org/10.3847/1538-4357/aaee65,https://doi.org/10.3847/1538-4357/aaee65,--,https://doi.org/10.3847/1538-4357/aaee65,https://doi.org/10.3847/1538-4357/aaee65
109,J1905+0849,19:05:02.6,+08:49,257.8(2.3),1.034(5),--,--,0.967(5),--,--,--,--,42.32,1.01,--,--,--,http://doi.org/10.1088/1674-4527/21/5/107,http://doi.org/10.1088/1674-4527/ada3b7,http://doi.org/10.1088/1674-4527/ada3b7,http://doi.org/10.1088/1674-4527/ada3b7,http://doi.org/10.1088/1674-4527/ada3b7,--,--,http://doi.org/10.1088/1674-4527/ada3b7,--,--,--,--,http://doi.org/10.1088/1674-4527/ada3b7,http://doi.org/10.1088/1674-4527/ada3b7,--,--,--
110,J1909+0641,19:09:29.052(4),+06:41:25.8(2),36.7(2),0.741761952452(6),3.2239(7),54870,1.34814140398(1),-5.859(1),1.6,31.2,3.6,40.94,-0.94,67,82,--,https://doi.org/10.1088/0004-637X/772/1/50,https://doi.org/10.1088/0004-637X/772/1/50,https://doi.org/10.1088/0004-637X/772/1/50,https://doi.org/10.1088/0004-637X/772/1/50,https://doi.org/10.1088/0004-637X/772/1/50,https://doi.org/10.1088/0004-637X/772/1/50,https://doi.org/10.1088/0004-637X/772/1/50,https://doi.org/10.1088/0004-637X/772/1/50,https://doi.org/10.1088/0004-637X/772/1/50,https://doi.org/10.1088/0004-637X/772/1/50,https://doi.org/10.1088/0004-637X/772/1/50,https://doi.org/10.1088/0004-637X/772/1/50,https://doi.org/10.1088/0004-637X/772/1/50,https://doi.org/10.1088/0004-637X/772/1/50,https://doi.org/10.1088/0004-637X/703/2/2259,https://doi.org/10.1088/0004-637X/703/2/2259,--
111,J1911+00,19:11:48(29),+00:37(7),100(3),6.94(1),--,--,0.1441(2),--,--,--,--,35.81,-4.25,0.31,250,5,https://doi.org/10.1038/nature04440,https://doi.org/10.1111/j.1365-2966.2011.18917.x,https://doi.org/10.1111/j.1365-2966.2011.18917.x,https://doi.org/10.1038/nature04440,https://doi.org/10.1111/j.1365-2966.2011.18917.x,--,--,https://doi.org/10.1111/j.1365-2966.2011.18917.x,--,--,--,--,https://doi.org/10.1111/j.1365-2966.2011.18917.x,https://doi.org/10.1111/j.1365-2966.2011.18917.x,https://doi.org/10.1038/nature04440,https://doi.org/10.1038/nature04440,https://doi.org/10.1038/nature04440
112,J1913+1330,19:13:17.97(1),+13:30:32.78(4),175.64(6),0.92339138665(2),8.6776(2),55090.9,1.082964401074(2),-10.1772(2),2.9,43.5,1.7,47.42,1.38,4.7,460,2,https://doi.org/10.1038/nature04440,https://doi.org/10.1093/mnras/sty923,https://doi.org/10.1093/mnras/sty923,https://doi.org/10.1111/j.1365-2966.2009.15584.x,https://doi.org/10.1093/mnras/sty923,https://doi.org/10.1093/mnras/sty923,https://doi.org/10.1093/mnras/sty923,https://doi.org/10.1093/mnras/sty923,https://doi.org/10.1093/mnras/sty923,https://doi.org/10.1093/mnras/sty923,https://doi.org/10.1093/mnras/sty923,https://doi.org/10.1093/mnras/sty923,https://doi.org/10.1093/mnras/sty923,https://doi.org/10.1093/mnras/sty923,https://doi.org/10.1038/nature04440,https://doi.org/10.1111/j.1365-2966.2009.15584.x,https://doi.org/10.1111/j.1365-2966.2009.15584.x
113,J1915-11,19:15(2),-11:30(36),91.06(8),2.177(2),--,--,0.45935(4),--,--,--,--,25.24,-10.39,26,--,--,https://doi.org/10.1088/0004-637X/809/1/67,https://doi.org/10.1088/0004-637X/809/1/67,https://doi.org/10.1088/0004-637X/809/1/67,https://doi.org/10.1088/0004-637X/809/1/67,https://doi.org/10.1088/0004-637X/809/1/67,--,--,https://doi.org/10.1088/0004-637X/809/1/67,--,--,--,--,https://doi.org/10.1088/0004-637X/809/1/67,https://doi.org/10.1088/0004-637X/809/1/67,https://doi.org/10.1088/0004-637X/809/1/67,--,--
114,J1918-0449,19:18:36.07,-04:49:49.8,116.1(4),2.47921(3),--,--,0.403354(5),--,--,--,--,31.70,-8.24,54.5,--,--,https://doi.org/10.48550/arXiv.2206.03091,https://doi.org/10.48550/arXiv.2206.03091,https://doi.org/10.48550/arXiv.2206.03091,https://doi.org/10.48550/arXiv.2206.03091,https://doi.org/10.48550/arXiv.2206.03091,--,--,https://doi.org/10.48550/arXiv.2206.03091,--,--,--,--,https://doi.org/10.48550/arXiv.2206.03091,https://doi.org/10.48550/arXiv.2206.03091,https://doi.org/10.48550/arXiv.2206.03091,--,--
115,J1919+1745,19:19:43.342(4),+17:45:03.79(8),142.3(2),2.081343459724(9),1.705(4),55320,0.480458905198(2),-0.39358(9),1.9,0.7,19.4,51.90,1.99,320,12,--,https://doi.org/10.1088/0004-637X/772/1/50,https://doi.org/10.1088/0004-637X/772/1/50,https://doi.org/10.1088/0004-637X/772/1/50,https://doi.org/10.1088/0004-637X/772/1/50,https://doi.org/10.1088/0004-637X/772/1/50,https://doi.org/10.1088/0004-637X/772/1/50,https://doi.org/10.1088/0004-637X/772/1/50,https://doi.org/10.1088/0004-637X/772/1/50,https://doi.org/10.1088/0004-637X/772/1/50,https://doi.org/10.1088/0004-637X/772/1/50,https://doi.org/10.1088/0004-637X/772/1/50,https://doi.org/10.1088/0004-637X/772/1/50,https://doi.org/10.1088/0004-637X/772/1/50,https://doi.org/10.1088/0004-637X/772/1/50,https://doi.org/10.1088/0004-637X/703/2/2259,https://doi.org/10.1088/0004-637X/703/2/2259,--
116,J1925-16,19:25:06(29),-16:01(7),88(20),3.8858(2),--,--,0.25735(1),--,--,--,--,22.13,-14.54,6.5,160,10,https://doi.org/10.1111/j.1365-2966.2011.18521.x,https://doi.org/10.1111/j.1365-2966.2011.18521.x,https://doi.org/10.1111/j.1365-2966.2011.18521.x,https://doi.org/10.1111/j.1365-2966.2011.18521.x,https://doi.org/10.1111/j.1365-2966.2011.18521.x,--,--,https://doi.org/10.1111/j.1365-2966.2011.18521.x,--,--,--,--,https://doi.org/10.1111/j.1365-2966.2011.18521.x,https://doi.org/10.1111/j.1365-2966.2011.18521.x,https://doi.org/10.1111/j.1365-2966.2011.18521.x,https://doi.org/10.1111/j.1365-2966.2011.18521.x,https://doi.org/10.1111/j.1365-2966.2011.18521.x
117,J1928+15,19:28:20(7),+15:13(2),242,0.403,--,--,2.481,--,--,--,--,50.64,-1.03,4,180,5,https://doi.org/10.1088/0004-637X/703/2/2259,https://doi.org/10.1088/0004-637X/703/2/2259,https://doi.org/10.1088/0004-637X/703/2/2259,https://doi.org/10.1088/0004-637X/703/2/2259,https://doi.org/10.1088/0004-637X/703/2/2259,--,--,https://doi.org/10.1088/0004-637X/703/2/2259,--,--,--,--,https://doi.org/10.1088/0004-637X/703/2/2259,https://doi.org/10.1088/0004-637X/703/2/2259,https://doi.org/10.1088/0004-637X/703/2/2259,https://doi.org/10.1088/0004-637X/703/2/2259,https://doi.org/10.1088/0004-637X/703/2/2259
118,J1931+42,19:31(7),+42:30(5),50.9(2),--,--,--,--,--,--,--,--,75.15,11.27,8,--,--,https://doi.org/10.3847/1538-4357/ac1da6,https://doi.org/10.3847/1538-4357/ac1da6,https://doi.org/10.3847/1538-4357/ac1da6,https://doi.org/10.3847/1538-4357/ac1da6,--,--,--,--,--,--,--,--,https://doi.org/10.3847/1538-4357/ac1da6,https://doi.org/10.3847/1538-4357/ac1da6,https://doi.org/10.3847/1538-4357/ac1da6,--,--
119,J1944-10,19:44(2),-10:17(36),31.01(3),0.409135(1),--,--,2.444181(6),--,--,--,--,29.53,-16.29,180,--,--,https://doi.org/10.1088/0004-637X/809/1/67,https://doi.org/10.1088/0004-637X/809/1/67,https://doi.org/10.1088/0004-637X/809/1/67,https://doi.org/10.1088/0004-637X/809/1/67,https://doi.org/10.1088/0004-637X/809/1/67,--,--,https://doi.org/10.1088/0004-637X/809/1/67,--,--,--,--,https://doi.org/10.1088/0004-637X/809/1/67,https://doi.org/10.1088/0004-637X/809/1/67,https://doi.org/10.1088/0004-637X/809/1/67,--,--
120,J1946+24,19:46:00(7),+23:58(2),96,4.729,--,--,0.211,--,--,--,--,60.31,-0.38,54,101,4,https://doi.org/10.1088/0004-637X/703/2/2259,https://doi.org/10.1088/0004-637X/703/2/2259,https://doi.org/10.1088/0004-637X/703/2/2259,https://doi.org/10.1088/0004-637X/703/2/2259,https://doi.org/10.1088/0004-637X/703/2/2259,--,--,https://doi.org/10.1088/0004-637X/703/2/2259,--,--,--,--,https://doi.org/10.1088/0004-637X/703/2/2259,https://doi.org/10.1088/0004-637X/703/2/2259,https://doi.org/10.1088/0004-637X/703/2/2259,https://doi.org/10.1088/0004-637X/703/2/2259,https://doi.org/10.1088/0004-637X/703/2/2259
121,J1952+30,19:52,+30,188.8(6),1.6656(1),--,--,0.60038(4),--,--,--,--,66.18,1.53,--,33,5.7,https://doi.org/10.3847/1538-4357/aaee65,https://doi.org/10.3847/1538-4357/aaee65,https://doi.org/10.3847/1538-4357/aaee65,https://doi.org/10.3847/1538-4357/aaee65,https://doi.org/10.3847/1538-4357/aaee65,--,--,https://doi.org/10.3847/1538-4357/aaee65,--,--,--,--,https://doi.org/10.3847/1538-4357/aaee65,https://doi.org/10.3847/1538-4357/aaee65,--,https://doi.org/10.3847/1538-4357/aaee65,https://doi.org/10.3847/1538-4357/aaee65
122,J1956-28,19:56(2),-27:53(36),45.69(1),0.2600144(6),--,--,3.845941(9),--,--,--,--,13.22,-25.59,120,--,--,https://doi.org/10.1088/0004-637X/809/1/67,https://doi.org/10.1088/0004-637X/809/1/67,https://doi.org/10.1088/0004-637X/809/1/67,https://doi.org/10.1088/0004-637X/809/1/67,https://doi.org/10.1088/0004-637X/809/1/67,--,--,https://doi.org/10.1088/0004-637X/809/1/67,--,--,--,--,https://doi.org/10.1088/0004-637X/809/1/67,https://doi.org/10.1088/0004-637X/809/1/67,https://doi.org/10.1088/0004-637X/809/1/67,--,--
123,J1958+30,19:58,+30,199.3(4),1.09853(2),--,--,0.91031(2),--,--,--,--,66.86,0.42,--,54,4,https://doi.org/10.3847/1538-4357/aaee65,https://doi.org/10.3847/1538-4357/aaee65,https://doi.org/10.3847/1538-4357/aaee65,https://doi.org/10.3847/1538-4357/aaee65,https://doi.org/10.3847/1538-4357/aaee65,--,--,https://doi.org/10.3847/1538-4357/aaee65,--,--,--,--,https://doi.org/10.3847/1538-4357/aaee65,https://doi.org/10.3847/1538-4357/aaee65,--,https://doi.org/10.3847/1538-4357/aaee65,https://doi.org/10.3847/1538-4357/aaee65
124,J2000+29,20:00,+29,132.3(7),3.0737(1),--,--,0.32534(1),--,--,--,--,66.23,-0.48,--,159,7.4,https://doi.org/10.3847/1538-4357/aaee65,https://doi.org/10.3847/1538-4357/aaee65,https://doi.org/10.3847/1538-4357/aaee65,https://doi.org/10.3847/1538-4357/ab75e2,https://doi.org/10.3847/1538-4357/aaee65,--,--,https://doi.org/10.3847/1538-4357/aaee65,--,--,--,--,https://doi.org/10.3847/1538-4357/aaee65,https://doi.org/10.3847/1538-4357/aaee65,--,https://doi.org/10.3847/1538-4357/aaee65,https://doi.org/10.3847/1538-4357/aaee65
125,J2007+20,20:07(2),+20:21(36),67.0(4),4.634(7),--,--,0.2158(3),--,--,--,--,59.72,-6.41,77,--,--,https://doi.org/10.1088/0004-637X/809/1/67,https://doi.org/10.1088/0004-637X/809/1/67,https://doi.org/10.1088/0004-637X/809/1/67,https://doi.org/10.1088/0004-637X/809/1/67,https://doi.org/10.1088/0004-637X/809/1/67,--,--,https://doi.org/10.1088/0004-637X/809/1/67,--,--,--,--,https://doi.org/10.1088/0004-637X/809/1/67,https://doi.org/10.1088/0004-637X/809/1/67,https://doi.org/10.1088/0004-637X/809/1/67,--,--
126,J2008+3758,20:07:58.7(2),+37:58:13(1),143(1),4.352302968(2),--,59212,0.2297634166(1),--,--,--,--,74.71,2.90,2.4,--,--,https://doi.org/10.1093/mnras/stad2012,https://doi.org/10.1093/mnras/stad2012,https://doi.org/10.1093/mnras/stad2012,https://doi.org/10.1093/mnras/stad2012,https://doi.org/10.1093/mnras/stad2012,--,https://doi.org/10.1093/mnras/stad2012,https://doi.org/10.1093/mnras/stad2012,--,--,--,--,https://doi.org/10.1093/mnras/stad2012,https://doi.org/10.1093/mnras/stad2012,https://doi.org/10.1093/mnras/stad2012,--,--
127,J2033+0042,20:33:31.12(2),+00:42:24.1(9),37.8(1),5.01340011141(8),9.693(2),57600,0.199465428208(3),-0.38564(7),7.1,0.3,8.2,45.88,-22.20,--,140,95.2,https://doi.org/10.1111/j.1365-2966.2009.15965.x,https://doi.org/10.1093/mnras/staa615,https://doi.org/10.1093/mnras/staa615,https://doi.org/10.1088/0004-637X/763/2/81,https://doi.org/10.1093/mnras/staa615,https://doi.org/10.1093/mnras/staa615,https://doi.org/10.1093/mnras/staa615,https://doi.org/10.1093/mnras/staa615,https://doi.org/10.1093/mnras/staa615,https://doi.org/10.1093/mnras/staa615,https://doi.org/10.1093/mnras/staa615,https://doi.org/10.1093/mnras/staa615,https://doi.org/10.1093/mnras/staa615,https://doi.org/10.1093/mnras/staa615,--,https://doi.org/10.1111/j.1365-2966.2009.15965.x,https://doi.org/10.1111/j.1365-2966.2009.15965.x
128,J2047+12,20:47:45(90),+12:59(15),36(2),2.925,--,--,0.342,--,--,--,--,58.96,-18.60,--,--,--,https://doi.org/10.3103/S1068335620120179,https://doi.org/10.3103/S1068335620120179,https://doi.org/10.3103/S1068335620120179,https://doi.org/10.3103/S1068335620120179,https://doi.org/10.3103/S1068335620120179,--,--,https://doi.org/10.3103/S1068335620120179,--,--,--,--,https://doi.org/10.3103/S1068335620120179,https://doi.org/10.3103/S1068335620120179,--,--,--
129,J2105+6223,21:05:12.93(2),+62:23:05.5(1),50.75(8),2.30487883766(4),5.219(6),56774,0.433862285366(8),-0.982(1),3.5,1.7,7.0,99.79,10.18,30,--,--,https://doi.org/10.1088/0004-637X/809/1/67,https://doi.org/10.1088/0004-637X/809/1/67,https://doi.org/10.1088/0004-637X/809/1/67,https://doi.org/10.1088/0004-637X/809/1/67,https://doi.org/10.1088/0004-637X/809/1/67,https://doi.org/10.1088/0004-637X/809/1/67,https://doi.org/10.1088/0004-637X/809/1/67,https://doi.org/10.1088/0004-637X/809/1/67,https://doi.org/10.1088/0004-637X/809/1/67,https://doi.org/10.1088/0004-637X/809/1/67,https://doi.org/10.1088/0004-637X/809/1/67,https://doi.org/10.1088/0004-637X/809/1/67,https://doi.org/10.1088/0004-637X/809/1/67,https://doi.org/10.1088/0004-637X/809/1/67,https://doi.org/10.1088/0004-637X/809/1/67,--,--
130,J2113+73,21:13(1),73:37(21),42.4,--,--,--,--,--,--,--,--,109.02,16.98,0.4,--,--,https://doi.org/10.1093/mnras/stad2012,https://doi.org/10.1093/mnras/stad2012,https://doi.org/10.1093/mnras/stad2012,https://doi.org/10.1093/mnras/stad2012,--,--,--,--,--,--,--,--,https://doi.org/10.1093/mnras/stad2012,https://doi.org/10.1093/mnras/stad2012,https://doi.org/10.1093/mnras/stad2012,--,--
131,J2138+69,21:38(1),69:50(16),46.6,0.22,--,--,4.55,--,--,--,--,107.60,12.95,0.3,--,--,https://doi.org/10.1093/mnras/stad2012,https://doi.org/10.1093/mnras/stad2012,https://doi.org/10.1093/mnras/stad2012,https://doi.org/10.1093/mnras/stad2012,https://doi.org/10.1093/mnras/stad2012,--,--,https://doi.org/10.1093/mnras/stad2012,--,--,--,--,https://doi.org/10.1093/mnras/stad2012,https://doi.org/10.1093/mnras/stad2012,https://doi.org/10.1093/mnras/stad2012,--,--
132,J2215+4524,22:15:46.57(7),+45:24:44(2),18.5(4),2.7230498235(3),5.6(2),59241,0.36723529308(4),-0.76(3),4.0,1.1,7.7,96.39,-9.29,6.0,--,--,https://doi.org/10.1093/mnras/stad2012,https://doi.org/10.1093/mnras/stad2012,https://doi.org/10.1093/mnras/stad2012,https://doi.org/10.1093/mnras/stad2012,https://doi.org/10.1093/mnras/stad2012,https://doi.org/10.1093/mnras/stad2012,https://doi.org/10.1093/mnras/stad2012,https://doi.org/10.1093/mnras/stad2012,https://doi.org/10.1093/mnras/stad2012,https://doi.org/10.1093/mnras/stad2012,https://doi.org/10.1093/mnras/stad2012,https://doi.org/10.1093/mnras/stad2012,https://doi.org/10.1093/mnras/stad2012,https://doi.org/10.1093/mnras/stad2012,https://doi.org/10.1093/mnras/stad2012,--,--
133,J2221+81,22:21(1),81:32(30),39,--,--,--,--,--,--,--,--,117.43,20.32,0.4,--,--,https://doi.org/10.1093/mnras/stad2012,https://doi.org/10.1093/mnras/stad2012,https://doi.org/10.1093/mnras/stad2012,https://doi.org/10.1093/mnras/stad2012,--,--,--,--,--,--,--,--,https://doi.org/10.1093/mnras/stad2012,https://doi.org/10.1093/mnras/stad2012,https://doi.org/10.1093/mnras/stad2012,--,--
134,J2225+35,22:24:48,+35:30,51.8,0.942,--,--,1.062,--,--,--,--,92.11,-18.45,--,--,--,https://doi.org/10.1134/S1063772909060080,https://doi.org/10.1134/S1063772909060080,https://doi.org/10.1134/S1063772909060080,https://doi.org/10.1134/S1063772909060080,https://doi.org/10.1134/S1063772909060080,--,--,https://doi.org/10.1134/S1063772909060080,--,--,--,--,https://doi.org/10.1134/S1063772909060080,https://doi.org/10.1134/S1063772909060080,--,--,--
135,J2237+2828,22:37:29.41(4),+28:28:40(4),38.1(4),1.0773950914(7),0.9(3),59289,0.9281646148(6),-0.8(3),1.0,2.8,19.0,90.34,-25.79,1.0,--,--,https://doi.org/10.1093/mnras/stad2012,https://doi.org/10.1093/mnras/stad2012,https://doi.org/10.1093/mnras/stad2012,https://doi.org/10.1093/mnras/stad2012,https://doi.org/10.1093/mnras/stad2012,https://doi.org/10.1093/mnras/stad2012,https://doi.org/10.1093/mnras/stad2012,https://doi.org/10.1093/mnras/stad2012,https://doi.org/10.1093/mnras/stad2012,https://doi.org/10.1093/mnras/stad2012,https://doi.org/10.1093/mnras/stad2012,https://doi.org/10.1093/mnras/stad2012,https://doi.org/10.1093/mnras/stad2012,https://doi.org/10.1093/mnras/stad2012,https://doi.org/10.1093/mnras/stad2012,--,--
136,J2310+6706,23:10:42.0(3),+67:06:52.1(10),97.7(1),1.944788973(1),0.076(4),57225,0.5141946062(3),-0.02(1),0.4,0.0,405.7,113.35,6.14,60,--,--,https://doi.org/10.1088/0004-637X/809/1/67,https://doi.org/10.3847/1538-4357/aabf8a,https://doi.org/10.3847/1538-4357/aabf8a,https://doi.org/10.3847/1538-4357/aabf8a,https://doi.org/10.3847/1538-4357/aabf8a,https://doi.org/10.3847/1538-4357/aabf8a,https://doi.org/10.3847/1538-4357/aabf8a,https://doi.org/10.3847/1538-4357/aabf8a,https://doi.org/10.3847/1538-4357/aabf8a,https://doi.org/10.3847/1538-4357/aabf8a,https://doi.org/10.3847/1538-4357/aabf8a,https://doi.org/10.3847/1538-4357/aabf8a,https://doi.org/10.3847/1538-4357/aabf8a,https://doi.org/10.3847/1538-4357/aabf8a,https://doi.org/10.1088/0004-637X/809/1/67,--,--
137,J2312+6931,23:12:38.93(5),+69:31:04.0(3),71.6(1),0.81337477832(2),0.63(1),--,1.22944554792(3),-0.95(2),0.7,4.6,20.5,114.44,8.29,60,--,--,https://doi.org/10.3847/1538-4357/aabf8a,https://doi.org/10.3847/1538-4357/aabf8a,https://doi.org/10.3847/1538-4357/aabf8a,https://doi.org/10.3847/1538-4357/aabf8a,https://doi.org/10.3847/1538-4357/aabf8a,https://doi.org/10.3847/1538-4357/aabf8a,--,https://doi.org/10.3847/1538-4357/aabf8a,https://doi.org/10.3847/1538-4357/aabf8a,https://doi.org/10.3847/1538-4357/aabf8a,https://doi.org/10.3847/1538-4357/aabf8a,https://doi.org/10.3847/1538-4357/aabf8a,https://doi.org/10.3847/1538-4357/aabf8a,https://doi.org/10.3847/1538-4357/aabf8a,https://doi.org/10.1088/0004-637X/809/1/67,--,--
138,J2316+75,23:15(1),75:44(21),53.4,--,--,--,--,--,--,--,--,116.98,13.99,0.5,--,--,https://doi.org/10.1093/mnras/stad2012,https://doi.org/10.1093/mnras/stad2012,https://doi.org/10.1093/mnras/stad2012,https://doi.org/10.1093/mnras/stad2012,--,--,--,--,--,--,--,--,https://doi.org/10.1093/mnras/stad2012,https://doi.org/10.1093/mnras/stad2012,https://doi.org/10.1093/mnras/stad2012,--,--
139,J2325-0530,23:25:15.3(1),-05:30:39(4),14.966(7),0.868735115026(9),1.029(2),56774,1.15109885937(1),-1.363(3),1.0,6.2,13.4,75.58,-60.20,103,--,--,https://doi.org/10.1088/0004-637X/809/1/67,https://doi.org/10.1088/0004-637X/809/1/67,https://doi.org/10.1088/0004-637X/809/1/67,https://doi.org/10.1088/0004-637X/809/1/67,https://doi.org/10.1088/0004-637X/809/1/67,https://doi.org/10.1088/0004-637X/809/1/67,https://doi.org/10.1088/0004-637X/809/1/67,https://doi.org/10.1088/0004-637X/809/1/67,https://doi.org/10.1088/0004-637X/809/1/67,https://doi.org/10.1088/0004-637X/809/1/67,https://doi.org/10.1088/0004-637X/809/1/67,https://doi.org/10.1088/0004-637X/809/1/67,https://doi.org/10.1088/0004-637X/809/1/67,https://doi.org/10.1088/0004-637X/809/1/67,https://doi.org/10.1088/0004-637X/809/1/67,--,--
140,J2355+1523,23:55:48.62(8),+15:23:19(2),26(1),1.09439626467(5),0.41(2),59121,0.91374580879(4),-0.34(2),0.7,1.2,42.3,103.66,-45.39,6.0,--,--,https://doi.org/10.1093/mnras/stad2012,https://doi.org/10.1093/mnras/stad2012,https://doi.org/10.1093/mnras/stad2012,https://doi.org/10.1093/mnras/stad2012,https://doi.org/10.1093/mnras/stad2012,https://doi.org/10.1093/mnras/stad2012,https://doi.org/10.1093/mnras/stad2012,https://doi.org/10.1093/mnras/stad2012,https://doi.org/10.1093/mnras/stad2012,https://doi.org/10.1093/mnras/stad2012,https://doi.org/10.1093/mnras/stad2012,https://doi.org/10.1093/mnras/stad2012,https://doi.org/10.1093/mnras/stad2012,https://doi.org/10.1093/mnras/stad2012,https://doi.org/10.1093/mnras/stad2012,--,--
